Year,City,Month,Employment,Unemployment,Unemployment Rate,Labor Force,Rent,House Price,Income
1990.0,Abilene,6.5,64531.416666666664,4052.75,5.916666666666667,68584.16666666667,,,
1990.0,Amarillo,6.5,97870.5,4993.083333333333,4.858333333333333,102863.58333333333,,,
1990.0,Austin,6.5,454647.3333333333,23282.0,4.874999999999999,477929.3333333333,,,
1990.0,Beaumont,6.5,161945.91666666666,13080.5,7.466666666666668,175026.41666666666,,,
1990.0,Brownsville,6.5,90879.33333333333,13308.75,12.758333333333333,104188.08333333333,,,
1990.0,College Station,6.5,70000.41666666667,3994.25,5.408333333333332,73994.66666666667,,,
1990.0,Corpus Christi,6.5,157277.41666666666,11247.25,6.675,168524.66666666666,,,
1990.0,Dallas,6.5,2183702.5,118265.5,5.141666666666667,2301968.0,,,
1990.0,El Paso,6.5,230638.83333333334,30418.416666666668,11.649999999999999,261057.25,,,
1990.0,Houston,6.5,1928264.25,103491.91666666667,5.1,2031756.1666666667,,,
1990.0,Killeen,6.5,93569.41666666667,7425.25,7.358333333333333,100994.66666666667,,,
1990.0,Laredo,6.5,48780.166666666664,6646.083333333333,12.0,55426.25,,,
1990.0,Longview,6.5,80635.16666666667,6551.833333333333,7.508333333333334,87187.0,,,
1990.0,Lubbock,6.5,113872.16666666667,6042.25,5.033333333333334,119914.41666666667,,,
1990.0,McAllen,6.5,128594.58333333333,36540.833333333336,22.125,165135.41666666666,,,
1990.0,Midland,6.5,53618.916666666664,2947.5,5.2250000000000005,56566.416666666664,,,
1990.0,Odessa,6.5,52788.5,3130.9166666666665,5.616666666666667,55919.416666666664,,,
1990.0,San Angelo,6.5,44356.0,2767.3333333333335,5.866666666666666,47123.333333333336,,,
1990.0,San Antonio,6.5,623293.3333333334,46093.416666666664,6.891666666666666,669386.75,,,
1990.0,Sherman,6.5,43788.333333333336,2628.5833333333335,5.666666666666667,46416.916666666664,,,
1990.0,Texarkana,6.5,58470.166666666664,3907.0833333333335,6.258333333333333,62377.25,,,
1990.0,Tyler,6.5,70988.58333333333,4753.0,6.283333333333332,75741.58333333333,,,
1990.0,Victoria,6.5,37162.083333333336,1765.8333333333333,4.533333333333333,38927.916666666664,,,
1990.0,Waco,6.5,93135.83333333333,6635.0,6.6499999999999995,99770.83333333333,,,
1990.0,Wichita Falls,6.5,61418.0,4135.333333333333,6.308333333333333,65553.33333333333,,,
1991.0,Abilene,6.5,65709.33333333333,3668.0833333333335,5.283333333333334,69377.41666666667,,,
1991.0,Amarillo,6.5,98615.91666666667,4894.083333333333,4.733333333333334,103510.0,,,
1991.0,Austin,6.5,468506.5833333333,21908.25,4.466666666666667,490414.8333333333,,,
1991.0,Beaumont,6.5,170689.41666666666,13757.666666666666,7.458333333333335,184447.08333333334,,,
1991.0,Brownsville,6.5,92942.33333333333,16382.166666666666,14.983333333333334,109324.5,,,
1991.0,College Station,6.5,72270.66666666667,2913.8333333333335,3.8749999999999996,75184.5,,,
1991.0,Corpus Christi,6.5,157729.25,14154.916666666666,8.241666666666667,171884.16666666666,,,
1991.0,Dallas,6.5,2181600.75,148295.41666666666,6.358333333333334,2329896.1666666665,,,
1991.0,El Paso,6.5,232639.0,31659.666666666668,11.975000000000001,264298.6666666667,,,
1991.0,Houston,6.5,1962525.9166666667,119316.83333333333,5.725000000000001,2081842.75,,,
1991.0,Killeen,6.5,92707.66666666667,6760.25,6.800000000000001,99467.91666666667,,,
1991.0,Laredo,6.5,51810.0,6459.416666666667,11.083333333333334,58269.416666666664,,,
1991.0,Longview,6.5,83124.66666666667,7742.416666666667,8.525,90867.08333333333,,,
1991.0,Lubbock,6.5,112976.83333333333,6584.166666666667,5.508333333333333,119561.0,,,
1991.0,McAllen,6.5,129829.33333333333,36232.083333333336,21.808333333333334,166061.41666666666,,,
1991.0,Midland,6.5,55303.916666666664,2747.5833333333335,4.7250000000000005,58051.5,,,
1991.0,Odessa,6.5,54303.25,3635.3333333333335,6.241666666666666,57938.583333333336,,,
1991.0,San Angelo,6.5,45519.583333333336,2382.4166666666665,4.991666666666666,47902.0,,,
1991.0,San Antonio,6.5,632191.75,44303.666666666664,6.550000000000001,676495.4166666666,,,
1991.0,Sherman,6.5,42953.0,3351.25,7.233333333333333,46304.25,,,
1991.0,Texarkana,6.5,56306.75,5316.25,8.641666666666664,61623.0,,,
1991.0,Tyler,6.5,71979.91666666667,5236.916666666667,6.783333333333332,77216.83333333333,,,
1991.0,Victoria,6.5,39467.083333333336,1878.0,4.533333333333333,41345.083333333336,,,
1991.0,Waco,6.5,93707.66666666667,6982.333333333333,6.941666666666666,100690.0,,,
1991.0,Wichita Falls,6.5,60580.666666666664,4348.916666666667,6.708333333333332,64929.583333333336,,,
1992.0,Abilene,6.5,67167.25,3907.0833333333335,5.491666666666666,71074.33333333333,,,
1992.0,Amarillo,6.5,101589.83333333333,5246.166666666667,4.908333333333333,106836.0,,,
1992.0,Austin,6.5,495762.1666666667,21739.833333333332,4.191666666666667,517502.0,,,
1992.0,Beaumont,6.5,172185.08333333334,17774.0,9.375,189959.08333333334,,,
1992.0,Brownsville,6.5,97114.66666666667,16574.75,14.591666666666669,113689.41666666667,,,
1992.0,College Station,6.5,75149.25,2743.8333333333335,3.525,77893.08333333333,,,
1992.0,Corpus Christi,6.5,160473.66666666666,17494.583333333332,9.816666666666666,177968.25,,,
1992.0,Dallas,6.5,2205128.8333333335,163801.5,6.908333333333332,2368930.3333333335,,,
1992.0,El Paso,6.5,242392.0,31746.916666666668,11.583333333333334,274138.9166666667,,,
1992.0,Houston,6.5,1981424.3333333333,153577.66666666666,7.183333333333333,2135002.0,,,
1992.0,Killeen,6.5,97166.33333333333,7107.25,6.824999999999999,104273.58333333333,,,
1992.0,Laredo,6.5,54777.583333333336,6726.0,10.941666666666668,61503.583333333336,,,
1992.0,Longview,6.5,84254.0,8642.333333333334,9.291666666666668,92896.33333333333,,,
1992.0,Lubbock,6.5,114934.33333333333,7031.416666666667,5.775000000000001,121965.75,,,
1992.0,McAllen,6.5,134029.91666666666,38163.833333333336,22.158333333333335,172193.75,,,
1992.0,Midland,6.5,55490.166666666664,4193.916666666667,7.033333333333332,59684.083333333336,,,
1992.0,Odessa,6.5,54151.75,5826.666666666667,9.716666666666667,59978.416666666664,,,
1992.0,San Angelo,6.5,47095.333333333336,2546.4166666666665,5.133333333333333,49641.75,,,
1992.0,San Antonio,6.5,658536.1666666666,43426.0,6.191666666666667,701962.1666666666,,,
1992.0,Sherman,6.5,42360.75,3670.25,7.991666666666667,46031.0,,,
1992.0,Texarkana,6.5,56639.666666666664,5564.75,8.950000000000001,62204.416666666664,,,
1992.0,Tyler,6.5,73484.08333333333,5592.166666666667,7.075,79076.25,,,
1992.0,Victoria,6.5,40149.333333333336,2568.5,6.008333333333333,42717.833333333336,,,
1992.0,Waco,6.5,95128.83333333333,6679.75,6.566666666666667,101808.58333333333,,,
1992.0,Wichita Falls,6.5,61060.666666666664,4148.416666666667,6.358333333333333,65209.083333333336,,,
1993.0,Abilene,6.5,68869.91666666667,3901.0833333333335,5.3500000000000005,72771.0,,,
1993.0,Amarillo,6.5,104445.25,4771.916666666667,4.375000000000001,109217.16666666667,,,
1993.0,Austin,6.5,527614.9166666666,19844.083333333332,3.641666666666667,547459.0,,,
1993.0,Beaumont,6.5,170163.41666666666,21829.0,11.366666666666667,191992.41666666666,,,
1993.0,Brownsville,6.5,102128.91666666667,15891.166666666666,13.466666666666667,118020.08333333333,,,
1993.0,College Station,6.5,78102.0,2558.75,3.1750000000000003,80660.75,,,
1993.0,Corpus Christi,6.5,163519.16666666666,15881.583333333334,8.850000000000001,179400.75,,,
1993.0,Dallas,6.5,2257361.5833333335,147485.33333333334,6.125,2404846.9166666665,,,
1993.0,El Paso,6.5,250571.16666666666,30086.916666666668,10.733333333333334,280658.0833333333,,,
1993.0,Houston,6.5,2014168.5,160500.0,7.366666666666667,2174668.5,,,
1993.0,Killeen,6.5,103946.75,6355.25,5.775000000000001,110302.0,,,
1993.0,Laredo,6.5,57914.166666666664,6813.5,10.516666666666667,64727.666666666664,,,
1993.0,Longview,6.5,84618.08333333333,8314.416666666666,8.941666666666666,92932.5,,,
1993.0,Lubbock,6.5,117439.08333333333,5861.0,4.75,123300.08333333333,,,
1993.0,McAllen,6.5,140052.0,36554.083333333336,20.691666666666666,176606.08333333334,,,
1993.0,Midland,6.5,56464.0,3949.25,6.541666666666668,60413.25,,,
1993.0,Odessa,6.5,54539.666666666664,5519.25,9.191666666666666,60058.916666666664,,,
1993.0,San Angelo,6.5,47611.75,2573.5833333333335,5.1083333333333325,50185.333333333336,,,
1993.0,San Antonio,6.5,684278.1666666666,38798.916666666664,5.358333333333334,723077.0833333334,,,
1993.0,Sherman,6.5,42904.75,3409.9166666666665,7.366666666666666,46314.666666666664,,,
1993.0,Texarkana,6.5,57232.916666666664,5358.333333333333,8.558333333333334,62591.25,,,
1993.0,Tyler,6.5,75159.66666666667,5714.916666666667,7.066666666666667,80874.58333333333,,,
1993.0,Victoria,6.5,41139.166666666664,2443.75,5.616666666666666,43582.916666666664,,,
1993.0,Waco,6.5,96982.58333333333,5852.833333333333,5.683333333333333,102835.41666666667,,,
1993.0,Wichita Falls,6.5,62913.5,3684.75,5.5249999999999995,66598.25,,,
1994.0,Abilene,6.5,70369.5,3630.0,4.908333333333333,73999.5,,,
1994.0,Amarillo,6.5,109854.83333333333,4029.6666666666665,3.524999999999999,113884.5,,,
1994.0,Austin,6.5,561692.6666666666,18624.5,3.2249999999999996,580317.1666666666,,,
1994.0,Beaumont,6.5,169895.0,19380.833333333332,10.241666666666669,189275.83333333334,,,
1994.0,Brownsville,6.5,106666.75,15493.583333333334,12.683333333333332,122160.33333333333,,,
1994.0,College Station,6.5,80342.75,2609.0,3.15,82951.75,,,
1994.0,Corpus Christi,6.5,166210.5,16742.166666666668,9.133333333333333,182952.66666666666,,,
1994.0,Dallas,6.5,2335930.75,132063.08333333334,5.3500000000000005,2467993.8333333335,,,
1994.0,El Paso,6.5,256338.25,29815.083333333332,10.424999999999999,286153.3333333333,,,
1994.0,Houston,6.5,2060201.3333333333,146759.83333333334,6.650000000000001,2206961.1666666665,,,
1994.0,Killeen,6.5,107114.08333333333,6138.166666666667,5.425,113252.25,,,
1994.0,Laredo,6.5,61620.0,6587.25,9.658333333333335,68207.25,,,
1994.0,Longview,6.5,86360.83333333333,7464.916666666667,7.966666666666668,93825.75,,,
1994.0,Lubbock,6.5,118725.33333333333,5414.916666666667,4.366666666666666,124140.25,,,
1994.0,McAllen,6.5,146971.33333333334,36008.333333333336,19.683333333333334,182979.66666666666,,,
1994.0,Midland,6.5,57776.5,3465.3333333333335,5.658333333333334,61241.833333333336,,,
1994.0,Odessa,6.5,55255.833333333336,5367.333333333333,8.841666666666667,60623.166666666664,,,
1994.0,San Angelo,6.5,48319.333333333336,2311.1666666666665,4.558333333333334,50630.5,,,
1994.0,San Antonio,6.5,711021.0,33893.583333333336,4.558333333333334,744914.5833333334,,,
1994.0,Sherman,6.5,44622.75,2929.25,6.166666666666667,47552.0,,,
1994.0,Texarkana,6.5,57446.416666666664,5745.583333333333,9.083333333333334,63192.0,,,
1994.0,Tyler,6.5,77949.91666666667,4651.75,5.633333333333334,82601.66666666667,,,
1994.0,Victoria,6.5,42212.666666666664,2685.5833333333335,5.974999999999999,44898.25,,,
1994.0,Waco,6.5,99970.25,5021.666666666667,4.791666666666667,104991.91666666667,,,
1994.0,Wichita Falls,6.5,64472.333333333336,3488.9166666666665,5.133333333333333,67961.25,,,
1995.0,Abilene,6.5,72515.83333333333,3680.3333333333335,4.8166666666666655,76196.16666666667,,,
1995.0,Amarillo,6.5,112833.75,4456.166666666667,3.7916666666666665,117289.91666666667,,,
1995.0,Austin,6.5,591834.8333333334,17804.583333333332,2.9416666666666664,609639.4166666666,,,
1995.0,Beaumont,6.5,170474.83333333334,18697.166666666668,9.874999999999998,189172.0,,,
1995.0,Brownsville,6.5,107097.91666666667,15611.583333333334,12.725,122709.5,,,
1995.0,College Station,6.5,80179.25,2907.0833333333335,3.5,83086.33333333333,,,
1995.0,Corpus Christi,6.5,167335.66666666666,16544.75,9.0,183880.41666666666,,,
1995.0,Dallas,6.5,2401617.5833333335,119237.0,4.741666666666666,2520854.5833333335,,,
1995.0,El Paso,6.5,258094.83333333334,30159.833333333332,10.466666666666669,288254.6666666667,,,
1995.0,Houston,6.5,2102423.9166666665,132621.91666666666,5.941666666666667,2235045.8333333335,,,
1995.0,Killeen,6.5,111889.5,5808.75,4.9333333333333345,117698.25,,,
1995.0,Laredo,6.5,59700.166666666664,10948.333333333334,15.475000000000001,70648.5,,,
1995.0,Longview,6.5,87104.75,6862.0,7.291666666666667,93966.75,,,
1995.0,Lubbock,6.5,121315.83333333333,5166.583333333333,4.075,126482.41666666667,,,
1995.0,McAllen,6.5,150446.33333333334,37410.833333333336,19.9,187857.16666666666,,,
1995.0,Midland,6.5,58577.416666666664,2976.4166666666665,4.824999999999999,61553.833333333336,,,
1995.0,Odessa,6.5,55596.416666666664,4492.416666666667,7.4750000000000005,60088.833333333336,,,
1995.0,San Angelo,6.5,48974.083333333336,2107.0833333333335,4.125000000000001,51081.166666666664,,,
1995.0,San Antonio,6.5,733759.4166666666,33787.583333333336,4.4,767547.0,,,
1995.0,Sherman,6.5,45627.083333333336,2424.0,5.033333333333333,48051.083333333336,,,
1995.0,Texarkana,6.5,58085.416666666664,4913.916666666667,7.816666666666666,62999.333333333336,,,
1995.0,Tyler,6.5,80184.91666666667,4710.25,5.55,84895.16666666667,,,
1995.0,Victoria,6.5,41823.833333333336,2744.8333333333335,6.166666666666668,44568.666666666664,,,
1995.0,Waco,6.5,101976.16666666667,4948.75,4.633333333333332,106924.91666666667,,,
1995.0,Wichita Falls,6.5,66719.16666666667,3224.25,4.625000000000001,69943.41666666667,,,
1996.0,Abilene,6.5,73482.08333333333,3550.0,4.608333333333333,77032.08333333333,,,
1996.0,Amarillo,6.5,112590.33333333333,4620.25,3.933333333333333,117210.58333333333,,,
1996.0,Austin,6.5,614369.75,19213.416666666668,3.025,633583.1666666666,,,
1996.0,Beaumont,6.5,169217.0,17338.166666666668,9.291666666666666,186555.16666666666,,,
1996.0,Brownsville,6.5,108468.83333333333,15533.166666666666,12.533333333333333,124002.0,,,
1996.0,College Station,6.5,80866.91666666667,2435.1666666666665,2.9,83302.08333333333,,,
1996.0,Corpus Christi,6.5,171563.0,15566.25,8.333333333333334,187129.25,,,
1996.0,Dallas,6.5,2478083.25,104412.83333333333,4.049999999999999,2582496.0833333335,,,
1996.0,El Paso,6.5,257844.83333333334,33979.583333333336,11.633333333333333,291824.4166666667,,,
1996.0,Houston,6.5,2132804.4166666665,124502.0,5.533333333333332,2257306.4166666665,,,
1996.0,Killeen,6.5,114252.25,5897.75,4.9,120150.0,,,
1996.0,Laredo,6.5,60316.333333333336,8921.833333333334,12.883333333333333,69238.16666666667,,,
1996.0,Longview,6.5,88481.25,6641.833333333333,6.966666666666668,95123.08333333333,,,
1996.0,Lubbock,6.5,122677.08333333333,5227.0,4.091666666666666,127904.08333333333,,,
1996.0,McAllen,6.5,152434.25,36727.0,19.433333333333334,189161.25,,,
1996.0,Midland,6.5,58880.25,2794.1666666666665,4.533333333333334,61674.416666666664,,,
1996.0,Odessa,6.5,56160.083333333336,4173.666666666667,6.925,60333.75,,,
1996.0,San Angelo,6.5,49622.166666666664,1829.9166666666667,3.5499999999999994,51452.083333333336,,,
1996.0,San Antonio,6.5,746394.4166666666,33272.916666666664,4.275,779667.3333333334,,,
1996.0,Sherman,6.5,47018.0,2404.9166666666665,4.875,49422.916666666664,,,
1996.0,Texarkana,6.5,58563.666666666664,4711.333333333333,7.441666666666666,63275.0,,,
1996.0,Tyler,6.5,81253.08333333333,5613.0,6.458333333333332,86866.08333333333,,,
1996.0,Victoria,6.5,42431.333333333336,2277.6666666666665,5.108333333333333,44709.0,,,
1996.0,Waco,6.5,102307.91666666667,4748.916666666667,4.433333333333333,107056.83333333333,,,
1996.0,Wichita Falls,6.5,67804.41666666667,3096.1666666666665,4.383333333333332,70900.58333333333,,,
1997.0,Abilene,6.5,73689.41666666667,2946.4166666666665,3.841666666666667,76635.83333333333,,,
1997.0,Amarillo,6.5,112019.33333333333,4533.25,3.9,116552.58333333333,,,
1997.0,Austin,6.5,634690.5833333334,19803.916666666668,3.0333333333333328,654494.5,,,
1997.0,Beaumont,6.5,172805.25,15193.083333333334,8.075000000000001,187998.33333333334,,,
1997.0,Brownsville,6.5,111066.66666666667,15716.5,12.391666666666667,126783.16666666667,,,
1997.0,College Station,6.5,82578.91666666667,2187.1666666666665,2.5833333333333335,84766.08333333333,,,
1997.0,Corpus Christi,6.5,173515.33333333334,14349.5,7.633333333333332,187864.83333333334,,,
1997.0,Dallas,6.5,2573502.75,97083.25,3.6333333333333333,2670586.0,,,
1997.0,El Paso,6.5,261608.25,32218.666666666668,10.975,293826.9166666667,,,
1997.0,Houston,6.5,2189272.5833333335,120777.16666666667,5.2250000000000005,2310049.75,,,
1997.0,Killeen,6.5,115715.25,6136.916666666667,5.05,121852.16666666667,,,
1997.0,Laredo,6.5,63275.416666666664,7302.333333333333,10.35,70577.75,,,
1997.0,Longview,6.5,90023.41666666667,6611.416666666667,6.8500000000000005,96634.83333333333,,,
1997.0,Lubbock,6.5,124263.5,5122.583333333333,3.9499999999999993,129386.08333333333,,,
1997.0,McAllen,6.5,157656.5,34816.333333333336,18.08333333333334,192472.83333333334,,,
1997.0,Midland,6.5,61755.833333333336,2497.5,3.891666666666667,64253.333333333336,,,
1997.0,Odessa,6.5,57935.166666666664,3796.0833333333335,6.158333333333332,61731.25,,,
1997.0,San Angelo,6.5,50991.166666666664,1746.5833333333333,3.2999999999999994,52737.75,,,
1997.0,San Antonio,6.5,766710.5833333334,32041.666666666668,4.033333333333333,798752.25,,,
1997.0,Sherman,6.5,48107.083333333336,2257.0,4.483333333333333,50364.083333333336,,,
1997.0,Texarkana,6.5,58549.416666666664,4650.5,7.358333333333334,63199.916666666664,,,
1997.0,Tyler,6.5,83855.66666666667,5246.083333333333,5.875,89101.75,,,
1997.0,Victoria,6.5,43555.75,2251.5833333333335,4.925,45807.333333333336,,,
1997.0,Waco,6.5,103267.16666666667,4932.5,4.550000000000001,108199.66666666667,,,
1997.0,Wichita Falls,6.5,68044.08333333333,3063.4166666666665,4.3166666666666655,71107.5,,,
1998.0,Abilene,6.5,74039.75,2788.25,3.6250000000000004,76828.0,,,21816.0
1998.0,Amarillo,6.5,113549.58333333333,4245.5,3.608333333333333,117795.08333333333,,,22874.0
1998.0,Austin,6.5,661283.4166666666,18125.166666666668,2.6666666666666665,679408.5833333334,,,29234.0
1998.0,Beaumont,6.5,173842.16666666666,14167.833333333334,7.541666666666665,188010.0,,,22388.0
1998.0,Brownsville,6.5,111235.0,16345.916666666666,12.816666666666665,127580.91666666667,,,14219.0
1998.0,College Station,6.5,85190.83333333333,1866.6666666666667,2.15,87057.5,,,18367.0
1998.0,Corpus Christi,6.5,173113.91666666666,12693.25,6.825000000000002,185807.16666666666,,,21994.0
1998.0,Dallas,6.5,2645589.5,89946.0,3.2916666666666665,2735535.5,,,30222.0
1998.0,El Paso,6.5,261856.91666666666,30076.25,10.299999999999999,291933.1666666667,,,17657.0
1998.0,Houston,6.5,2259936.0,103627.66666666667,4.391666666666667,2363563.6666666665,,,30007.0
1998.0,Killeen,6.5,117095.83333333333,5308.083333333333,4.341666666666667,122403.91666666667,,,21245.0
1998.0,Laredo,6.5,65603.08333333333,6856.333333333333,9.458333333333334,72459.41666666667,,,14664.0
1998.0,Longview,6.5,90676.66666666667,6626.5,6.791666666666667,97303.16666666667,,,22525.0
1998.0,Lubbock,6.5,124031.91666666667,4533.5,3.5416666666666665,128565.41666666667,,,22461.0
1998.0,McAllen,6.5,159904.91666666666,34781.75,17.858333333333334,194686.66666666666,,,13074.0
1998.0,Midland,6.5,63209.333333333336,2815.6666666666665,4.258333333333333,66025.0,,,29515.0
1998.0,Odessa,6.5,59292.75,4221.583333333333,6.633333333333334,63514.333333333336,,,20230.0
1998.0,San Angelo,6.5,50805.416666666664,2157.25,4.058333333333334,52962.666666666664,,,22564.0
1998.0,San Antonio,6.5,777810.3333333334,29943.416666666668,3.7083333333333326,807753.75,,,23863.0
1998.0,Sherman,6.5,47968.416666666664,2469.1666666666665,4.9,50437.583333333336,,,21271.0
1998.0,Texarkana,6.5,57442.75,4512.416666666667,7.283333333333331,61955.166666666664,,,20426.0
1998.0,Tyler,6.5,84888.25,4624.833333333333,5.175,89513.08333333333,,,24524.0
1998.0,Victoria,6.5,43939.333333333336,2085.25,4.525,46024.583333333336,,,23692.0
1998.0,Waco,6.5,102814.0,4672.666666666667,4.325,107486.66666666667,,,20996.0
1998.0,Wichita Falls,6.5,67611.0,3329.0,4.699999999999999,70940.0,,,22696.0
1999.0,Abilene,6.5,72962.0,2856.75,3.766666666666666,75818.75,,,22439.0
1999.0,Amarillo,6.5,114679.16666666667,4285.166666666667,3.6,118964.33333333333,,,23141.0
1999.0,Austin,6.5,693934.0833333334,16014.666666666666,2.266666666666666,709948.75,,,31513.0
1999.0,Beaumont,6.5,171631.25,16590.583333333332,8.816666666666668,188221.83333333334,,,22142.0
1999.0,Brownsville,6.5,114500.66666666667,12610.75,9.924999999999999,127111.41666666667,,,14469.0
1999.0,College Station,6.5,86867.25,1945.6666666666667,2.2,88812.91666666667,,,19017.0
1999.0,Corpus Christi,6.5,174112.91666666666,12213.75,6.558333333333334,186326.66666666666,,,22587.0
1999.0,Dallas,6.5,2726770.8333333335,87745.41666666667,3.108333333333334,2814516.25,,,31196.0
1999.0,El Paso,6.5,262638.0,27478.333333333332,9.458333333333334,290116.3333333333,,,17954.0
1999.0,Houston,6.5,2282753.9166666665,113816.0,4.75,2396569.9166666665,,,30804.0
1999.0,Killeen,6.5,119457.58333333333,4302.5,3.4666666666666663,123760.08333333333,,,22724.0
1999.0,Laredo,6.5,66646.58333333333,6283.0,8.625000000000002,72929.58333333333,,,14792.0
1999.0,Longview,6.5,90492.0,6763.916666666667,6.95,97255.91666666667,,,22924.0
1999.0,Lubbock,6.5,125464.83333333333,3908.5,3.016666666666667,129373.33333333333,,,22922.0
1999.0,McAllen,6.5,166701.33333333334,28692.833333333332,14.683333333333335,195394.16666666666,,,13260.0
1999.0,Midland,6.5,58677.416666666664,4353.916666666667,6.916666666666667,63031.333333333336,,,28729.0
1999.0,Odessa,6.5,54716.5,6378.083333333333,10.408333333333333,61094.583333333336,,,19361.0
1999.0,San Angelo,6.5,48830.666666666664,2211.0833333333335,4.316666666666667,51041.75,,,23090.0
1999.0,San Antonio,6.5,797124.0833333334,26197.416666666668,3.1750000000000003,823321.5,,,24871.0
1999.0,Sherman,6.5,48402.5,2283.75,4.508333333333332,50686.25,,,21938.0
1999.0,Texarkana,6.5,58782.75,3556.25,5.7,62339.0,,,21219.0
1999.0,Tyler,6.5,86190.41666666667,3889.0833333333335,4.333333333333334,90079.5,,,25192.0
1999.0,Victoria,6.5,44016.833333333336,1940.3333333333333,4.225,45957.166666666664,,,24253.0
1999.0,Waco,6.5,105685.66666666667,3688.1666666666665,3.375,109373.83333333333,,,21857.0
1999.0,Wichita Falls,6.5,66608.33333333333,3179.0,4.55,69787.33333333333,,,23562.0
2000.0,Abilene,6.5,72335.25,3098.3333333333335,4.1000000000000005,75433.58333333333,,,22917.0
2000.0,Amarillo,6.5,114456.5,4493.583333333333,3.775,118950.08333333333,,,23950.0
2000.0,Austin,6.5,716732.8333333334,22044.583333333332,2.9999999999999996,738777.4166666666,,,32908.0
2000.0,Beaumont,6.5,171070.91666666666,11906.666666666666,6.5,182977.58333333334,,,23370.0
2000.0,Brownsville,6.5,118472.0,8802.0,6.925000000000002,127274.0,,,15315.0
2000.0,College Station,6.5,89913.0,3503.4166666666665,3.7500000000000004,93416.41666666667,,,20034.0
2000.0,Corpus Christi,6.5,175500.58333333334,9864.666666666666,5.316666666666667,185365.25,,,23551.0
2000.0,Dallas,6.5,2772290.9166666665,101089.91666666667,3.516666666666666,2873380.8333333335,,,33701.0
2000.0,El Paso,6.5,258235.66666666666,18464.333333333332,6.658333333333334,276700.0,,,18975.0
2000.0,Houston,6.5,2282495.1666666665,100939.08333333333,4.2250000000000005,2383434.25,,,33219.0
2000.0,Killeen,6.5,128235.41666666667,5799.333333333333,4.333333333333333,134034.75,,,23475.0
2000.0,Laredo,6.5,66694.5,4281.0,6.041666666666667,70975.5,,,15666.0
2000.0,Longview,6.5,88078.5,4809.666666666667,5.175,92888.16666666667,,,24869.0
2000.0,Lubbock,6.5,129518.0,4766.25,3.558333333333333,134284.25,,,24110.0
2000.0,McAllen,6.5,192185.16666666666,19149.083333333332,9.075000000000001,211334.25,,,14068.0
2000.0,Midland,6.5,57919.833333333336,2493.3333333333335,4.125,60413.166666666664,,,32305.0
2000.0,Odessa,6.5,53607.083333333336,3008.6666666666665,5.3,56615.75,,,21216.0
2000.0,San Angelo,6.5,49711.833333333336,1994.5833333333333,3.85,51706.416666666664,,,24147.0
2000.0,San Antonio,6.5,787901.4166666666,32176.416666666668,3.9249999999999994,820077.8333333334,,,26803.0
2000.0,Sherman,6.5,54148.5,2255.4166666666665,3.991666666666666,56403.916666666664,,,23402.0
2000.0,Texarkana,6.5,61974.416666666664,3088.75,4.741666666666666,65063.166666666664,,,22284.0
2000.0,Tyler,6.5,82711.91666666667,3657.4166666666665,4.2250000000000005,86369.33333333333,,,27139.0
2000.0,Victoria,6.5,44790.0,1714.75,3.6833333333333336,46504.75,,,26320.0
2000.0,Waco,6.5,106472.0,4652.583333333333,4.1833333333333345,111124.58333333333,,,22494.0
2000.0,Wichita Falls,6.5,68669.0,3157.6666666666665,4.408333333333334,71826.66666666667,,,24601.0
2001.0,Abilene,6.5,72004.75,3348.75,4.45,75353.5,,,23643.0
2001.0,Amarillo,6.5,114473.16666666667,4574.083333333333,3.8499999999999996,119047.25,,,25774.0
2001.0,Austin,6.5,718795.5833333334,32198.916666666668,4.291666666666667,750994.5,,,34530.0
2001.0,Beaumont,6.5,168095.75,13105.333333333334,7.2250000000000005,181201.08333333334,,,24356.0
2001.0,Brownsville,6.5,120810.25,10183.583333333334,7.766666666666667,130993.83333333333,,,16691.0
2001.0,College Station,6.5,91177.41666666667,3667.9166666666665,3.858333333333334,94845.33333333333,,,21204.0
2001.0,Corpus Christi,6.5,176608.41666666666,10124.166666666666,5.425,186732.58333333334,,,25317.0
2001.0,Dallas,6.5,2783373.4166666665,135431.08333333334,4.633333333333334,2918804.5,,,34741.0
2001.0,El Paso,6.5,256717.41666666666,19952.166666666668,7.224999999999999,276669.5833333333,,,19408.0
2001.0,Houston,6.5,2317097.0,111889.66666666667,4.608333333333333,2428986.6666666665,,,34122.0
2001.0,Killeen,6.5,128968.25,6779.166666666667,4.983333333333333,135747.41666666666,,,25045.0
2001.0,Laredo,6.5,68326.58333333333,4770.416666666667,6.508333333333333,73097.0,,,18708.0
2001.0,Longview,6.5,89022.58333333333,4994.5,5.308333333333334,94017.08333333333,,,25783.0
2001.0,Lubbock,6.5,132074.08333333334,5072.75,3.7000000000000006,137146.83333333334,,,24322.0
2001.0,McAllen,6.5,198207.83333333334,20870.916666666668,9.525,219078.75,,,14831.0
2001.0,Midland,6.5,59649.5,2330.3333333333335,3.758333333333334,61979.833333333336,,,48752.0
2001.0,Odessa,6.5,54801.166666666664,2811.4166666666665,4.875,57612.583333333336,,,22749.0
2001.0,San Angelo,6.5,50247.333333333336,2008.5833333333333,3.8499999999999996,52255.916666666664,,,26628.0
2001.0,San Antonio,6.5,794867.5833333334,37570.583333333336,4.5,832438.1666666666,,,27614.0
2001.0,Sherman,6.5,53003.083333333336,2948.5833333333335,5.266666666666667,55951.666666666664,,,23986.0
2001.0,Texarkana,6.5,61711.583333333336,3140.4166666666665,4.841666666666667,64852.0,,,23673.0
2001.0,Tyler,6.5,83091.91666666667,4256.416666666667,4.858333333333333,87348.33333333333,,,28149.0
2001.0,Victoria,6.5,44529.083333333336,1968.0,4.241666666666666,46497.083333333336,,,27956.0
2001.0,Waco,6.5,105842.91666666667,5305.833333333333,4.758333333333334,111148.75,,,23306.0
2001.0,Wichita Falls,6.5,70009.0,3148.1666666666665,4.308333333333333,73157.16666666667,,,26510.0
2002.0,Abilene,6.5,73769.75,3944.5833333333335,5.066666666666668,77714.33333333333,,,24591.0
2002.0,Amarillo,6.5,116908.33333333333,5601.416666666667,4.583333333333335,122509.75,,,26409.0
2002.0,Austin,6.5,713542.8333333334,44534.083333333336,5.874999999999999,758076.9166666666,,,33259.0
2002.0,Beaumont,6.5,168907.25,14788.083333333334,8.058333333333335,183695.33333333334,,,24624.0
2002.0,Brownsville,6.5,125886.08333333333,12430.333333333334,8.975,138316.41666666666,,,17457.0
2002.0,College Station,6.5,93594.83333333333,4432.166666666667,4.541666666666667,98027.0,,,21580.0
2002.0,Corpus Christi,6.5,178560.5,11903.25,6.241666666666666,190463.75,,,25772.0
2002.0,Dallas,6.5,2757699.0,190910.08333333334,6.483333333333333,2948609.0833333335,,,34385.0
2002.0,El Paso,6.5,261394.0,23247.583333333332,8.166666666666666,284641.5833333333,,,20274.0
2002.0,Houston,6.5,2347121.0,150658.5,6.041666666666668,2497779.5,,,33035.0
2002.0,Killeen,6.5,132426.66666666666,8423.25,5.966666666666666,140849.91666666666,,,26128.0
2002.0,Laredo,6.5,72384.66666666667,5668.583333333333,7.241666666666667,78053.25,,,19349.0
2002.0,Longview,6.5,88931.25,6477.833333333333,6.8,95409.08333333333,,,25880.0
2002.0,Lubbock,6.5,132850.66666666666,6127.083333333333,4.408333333333333,138977.75,,,24989.0
2002.0,McAllen,6.5,207079.5,24152.666666666668,10.433333333333334,231232.16666666666,,,15499.0
2002.0,Midland,6.5,60381.75,3057.1666666666665,4.8166666666666655,63438.916666666664,,,48358.0
2002.0,Odessa,6.5,55650.166666666664,3907.0,6.566666666666666,59557.166666666664,,,23020.0
2002.0,San Angelo,6.5,50602.583333333336,2534.4166666666665,4.7749999999999995,53137.0,,,27141.0
2002.0,San Antonio,6.5,806921.8333333334,48964.583333333336,5.716666666666666,855886.4166666666,,,27917.0
2002.0,Sherman,6.5,52757.166666666664,3752.0833333333335,6.641666666666668,56509.25,,,24272.0
2002.0,Texarkana,6.5,62651.0,3683.75,5.541666666666667,66334.75,,,24178.0
2002.0,Tyler,6.5,84893.16666666667,5038.5,5.591666666666668,89931.66666666667,,,28533.0
2002.0,Victoria,6.5,44140.916666666664,2593.0833333333335,5.550000000000001,46734.0,,,28099.0
2002.0,Waco,6.5,107142.0,6474.833333333333,5.691666666666667,113616.83333333333,,,23951.0
2002.0,Wichita Falls,6.5,70096.83333333333,4204.166666666667,5.658333333333334,74301.0,,,27436.0
2003.0,Abilene,6.5,75352.16666666667,4223.416666666667,5.316666666666666,79575.58333333333,,,26051.0
2003.0,Amarillo,6.5,120541.33333333333,6103.833333333333,4.816666666666666,126645.16666666667,,,27404.0
2003.0,Austin,6.5,718778.5833333334,45667.583333333336,5.983333333333333,764446.1666666666,,,33254.0
2003.0,Beaumont,6.5,169936.58333333334,16274.833333333334,8.758333333333335,186211.41666666666,,,25408.0
2003.0,Brownsville,6.5,128590.75,13529.416666666666,9.516666666666667,142120.16666666666,,,17955.0
2003.0,College Station,6.5,95699.41666666667,5010.75,4.9750000000000005,100710.16666666667,,,22829.0
2003.0,Corpus Christi,6.5,182700.83333333334,12948.083333333334,6.608333333333333,195648.91666666666,,,27059.0
2003.0,Dallas,6.5,2758681.25,194966.0,6.6000000000000005,2953647.25,,,34335.0
2003.0,El Paso,6.5,264566.5,25346.25,8.741666666666669,289912.75,,,20825.0
2003.0,Houston,6.5,2365816.0833333335,170243.08333333334,6.716666666666666,2536059.1666666665,,,33711.0
2003.0,Killeen,6.5,133991.5,9091.833333333334,6.341666666666666,143083.33333333334,,,27797.0
2003.0,Laredo,6.5,75346.91666666667,5946.083333333333,7.325,81293.0,,,19776.0
2003.0,Longview,6.5,90792.83333333333,6683.583333333333,6.8500000000000005,97476.41666666667,,,26759.0
2003.0,Lubbock,6.5,134699.58333333334,6900.75,4.866666666666666,141600.33333333334,,,25934.0
2003.0,McAllen,6.5,220059.16666666666,25389.583333333332,10.341666666666667,245448.75,,,16156.0
2003.0,Midland,6.5,62043.333333333336,3202.75,4.908333333333333,65246.083333333336,,,52179.0
2003.0,Odessa,6.5,56598.583333333336,4010.5,6.625,60609.083333333336,,,23355.0
2003.0,San Angelo,6.5,51019.083333333336,2732.25,5.083333333333333,53751.333333333336,,,28314.0
2003.0,San Antonio,6.5,816546.3333333334,53019.666666666664,6.1000000000000005,869566.0,,,28981.0
2003.0,Sherman,6.5,53032.5,4026.0833333333335,7.050000000000001,57058.583333333336,,,25161.0
2003.0,Texarkana,6.5,62542.25,3979.8333333333335,5.966666666666668,66522.08333333333,,,24660.0
2003.0,Tyler,6.5,86835.33333333333,5467.0,5.925,92302.33333333333,,,29464.0
2003.0,Victoria,6.5,44132.5,2690.75,5.75,46823.25,,,28489.0
2003.0,Waco,6.5,109092.66666666667,7076.166666666667,6.091666666666668,116168.83333333333,,,25253.0
2003.0,Wichita Falls,6.5,70483.66666666667,4289.166666666667,5.75,74772.83333333333,,,28530.0
2004.0,Abilene,6.5,75873.25,3703.9166666666665,4.658333333333333,79577.16666666667,,,26909.0
2004.0,Amarillo,6.5,122836.41666666667,5425.916666666667,4.233333333333333,128262.33333333333,,,27756.0
2004.0,Austin,6.5,737764.1666666666,39142.0,5.049999999999999,776906.1666666666,,,33347.0
2004.0,Beaumont,6.5,167982.91666666666,14955.916666666666,8.166666666666668,182938.83333333334,,,25691.0
2004.0,Brownsville,6.5,129380.5,12212.833333333334,8.616666666666667,141593.33333333334,,,18086.0
2004.0,College Station,6.5,97309.66666666667,4529.75,4.45,101839.41666666667,,,23389.0
2004.0,Corpus Christi,6.5,184266.5,12481.75,6.333333333333332,196748.25,,,27909.0
2004.0,Dallas,6.5,2806157.25,171133.41666666666,5.741666666666667,2977290.6666666665,,,34618.0
2004.0,El Paso,6.5,268170.5,21827.583333333332,7.541666666666665,289998.0833333333,,,21586.0
2004.0,Houston,6.5,2396367.1666666665,156306.5,6.125,2552673.6666666665,,,35518.0
2004.0,Killeen,6.5,138262.0,7819.916666666667,5.341666666666668,146081.91666666666,,,28607.0
2004.0,Laredo,6.5,77583.08333333333,5517.75,6.633333333333333,83100.83333333333,,,19670.0
2004.0,Longview,6.5,95011.75,5770.166666666667,5.733333333333333,100781.91666666667,,,26856.0
2004.0,Lubbock,6.5,136199.16666666666,6423.166666666667,4.508333333333333,142622.33333333334,,,26499.0
2004.0,McAllen,6.5,231350.0,22831.416666666668,8.983333333333333,254181.41666666666,,,16956.0
2004.0,Midland,6.5,63351.083333333336,2865.0833333333335,4.316666666666667,66216.16666666667,,,53051.0
2004.0,Odessa,6.5,57810.916666666664,3489.0,5.7,61299.916666666664,,,23634.0
2004.0,San Angelo,6.5,50577.333333333336,2480.1666666666665,4.675,53057.5,,,28644.0
2004.0,San Antonio,6.5,830368.5833333334,48828.5,5.55,879197.0833333334,,,29683.0
2004.0,Sherman,6.5,53408.916666666664,3460.0833333333335,6.091666666666666,56869.0,,,25944.0
2004.0,Texarkana,6.5,63544.75,3748.1666666666665,5.575,67292.91666666667,,,26063.0
2004.0,Tyler,6.5,89377.5,4978.5,5.2666666666666675,94356.0,,,30753.0
2004.0,Victoria,6.5,44213.5,2429.75,5.216666666666668,46643.25,,,29397.0
2004.0,Waco,6.5,111182.75,6285.166666666667,5.358333333333334,117467.91666666667,,,25670.0
2004.0,Wichita Falls,6.5,70694.08333333333,3662.0833333333335,4.9,74356.16666666667,,,28531.0
2005.0,Abilene,6.5,76723.5,3376.5,4.216666666666667,80100.0,,,28243.0
2005.0,Amarillo,6.5,122626.08333333333,5060.583333333333,3.974999999999999,127686.66666666667,,,29881.0
2005.0,Austin,6.5,761955.5,36300.5,4.541666666666666,798256.0,,,35769.0
2005.0,Beaumont,6.5,169250.33333333334,14131.583333333334,7.708333333333333,183381.91666666666,,,27282.0
2005.0,Brownsville,6.5,129595.41666666667,10678.5,7.6000000000000005,140273.91666666666,,,18725.0
2005.0,College Station,6.5,98450.75,4375.25,4.258333333333333,102826.0,,,24372.0
2005.0,Corpus Christi,6.5,185982.66666666666,11085.5,5.616666666666666,197068.16666666666,,,29489.0
2005.0,Dallas,6.5,2867115.6666666665,157518.41666666666,5.216666666666668,3024634.0833333335,,,37363.0
2005.0,El Paso,6.5,270814.8333333333,20516.666666666668,7.041666666666667,291331.5,,,22673.0
2005.0,Houston,6.5,2447765.75,144998.5,5.599999999999999,2592764.25,,,38496.0
2005.0,Killeen,6.5,141652.91666666666,7708.25,5.158333333333334,149361.16666666666,,,30531.0
2005.0,Laredo,6.5,80465.66666666667,5128.0,6.008333333333333,85593.66666666667,,,21347.0
2005.0,Longview,6.5,96919.66666666667,5079.666666666667,4.991666666666665,101999.33333333333,,,29180.0
2005.0,Lubbock,6.5,137044.75,5911.0,4.141666666666667,142955.75,,,28050.0
2005.0,McAllen,6.5,240044.33333333334,20612.166666666668,7.925000000000001,260656.5,,,17917.0
2005.0,Midland,6.5,65863.0,2540.9166666666665,3.725,68403.91666666667,,,60028.0
2005.0,Odessa,6.5,59457.5,2824.6666666666665,4.541666666666667,62282.166666666664,,,25867.0
2005.0,San Angelo,6.5,50527.25,2271.75,4.3083333333333345,52799.0,,,30672.0
2005.0,San Antonio,6.5,849776.4166666666,44817.75,5.016666666666666,894594.1666666666,,,31329.0
2005.0,Sherman,6.5,53389.25,3033.6666666666665,5.375,56422.916666666664,,,27231.0
2005.0,Texarkana,6.5,64871.833333333336,3532.5833333333335,5.158333333333334,68404.41666666667,,,27020.0
2005.0,Tyler,6.5,90576.16666666667,4796.583333333333,5.033333333333333,95372.75,,,33944.0
2005.0,Victoria,6.5,45148.833333333336,2148.1666666666665,4.55,47297.0,,,31716.0
2005.0,Waco,6.5,113181.41666666667,6071.416666666667,5.091666666666667,119252.83333333333,,,26971.0
2005.0,Wichita Falls,6.5,70899.75,3374.0833333333335,4.541666666666665,74273.83333333333,,,30250.0
2006.0,Abilene,6.5,78166.41666666667,3242.5833333333335,3.9916666666666667,81409.0,,,29840.0
2006.0,Amarillo,6.5,125240.5,4809.583333333333,3.6999999999999997,130050.08333333333,,,31326.0
2006.0,Austin,6.5,789307.1666666666,33978.166666666664,4.141666666666667,823285.3333333334,,,38086.0
2006.0,Beaumont,6.5,173063.75,10857.416666666666,5.916666666666667,183921.16666666666,,,29732.0
2006.0,Brownsville,6.5,133529.25,9379.75,6.566666666666666,142909.0,,,19635.0
2006.0,College Station,6.5,98469.08333333333,4194.666666666667,4.091666666666666,102663.75,,,25745.0
2006.0,Corpus Christi,6.5,187962.25,9735.416666666666,4.933333333333334,197697.66666666666,,,31327.0
2006.0,Dallas,6.5,2936612.0833333335,146871.16666666666,4.766666666666667,3083483.25,,,39881.0
2006.0,El Paso,6.5,272924.9166666667,19511.916666666668,6.658333333333334,292436.8333333333,,,23503.0
2006.0,Houston,6.5,2527274.8333333335,132250.0,4.9750000000000005,2659524.8333333335,,,41575.0
2006.0,Killeen,6.5,142783.58333333334,7735.75,5.1499999999999995,150519.33333333334,,,32648.0
2006.0,Laredo,6.5,83168.83333333333,4725.833333333333,5.375,87894.66666666667,,,22540.0
2006.0,Longview,6.5,98434.33333333333,4694.75,4.541666666666667,103129.08333333333,,,31914.0
2006.0,Lubbock,6.5,137373.58333333334,5717.0,4.0,143090.58333333334,,,29077.0
2006.0,McAllen,6.5,246171.83333333334,19432.666666666668,7.324999999999999,265604.5,,,18670.0
2006.0,Midland,6.5,69348.41666666667,2411.8333333333335,3.366666666666667,71760.25,,,63297.0
2006.0,Odessa,6.5,62703.916666666664,2509.1666666666665,3.8499999999999996,65213.083333333336,,,29461.0
2006.0,San Angelo,6.5,50927.916666666664,2187.9166666666665,4.125,53115.833333333336,,,31915.0
2006.0,San Antonio,6.5,873746.0833333334,41944.416666666664,4.591666666666667,915690.5,,,33218.0
2006.0,Sherman,6.5,53460.25,2725.1666666666665,4.866666666666666,56185.416666666664,,,28995.0
2006.0,Texarkana,6.5,65357.75,3476.0833333333335,5.050000000000001,68833.83333333333,,,27986.0
2006.0,Tyler,6.5,91784.5,4385.833333333333,4.558333333333333,96170.33333333333,,,36130.0
2006.0,Victoria,6.5,45824.166666666664,1936.0,4.058333333333333,47760.166666666664,,,34564.0
2006.0,Waco,6.5,112940.5,5747.75,4.858333333333333,118688.25,,,27966.0
2006.0,Wichita Falls,6.5,71407.41666666667,3150.1666666666665,4.2250000000000005,74557.58333333333,,,33466.0
2007.0,Abilene,6.5,77188.5,2825.5,3.525,80014.0,,,31645.0
2007.0,Amarillo,6.5,124749.0,4265.083333333333,3.316666666666666,129014.08333333333,,,33265.0
2007.0,Austin,6.5,813512.6666666666,30746.583333333332,3.6500000000000004,844259.25,,,39374.0
2007.0,Beaumont,6.5,174473.25,9703.083333333334,5.266666666666666,184176.33333333334,,,31200.0
2007.0,Brownsville,6.5,134438.58333333334,8368.333333333334,5.858333333333332,142806.91666666666,,,20629.0
2007.0,College Station,6.5,99009.08333333333,3790.8333333333335,3.700000000000001,102799.91666666667,,,26936.0
2007.0,Corpus Christi,6.5,189279.16666666666,8522.166666666666,4.308333333333333,197801.33333333334,,,32493.0
2007.0,Dallas,6.5,2975332.3333333335,131796.75,4.258333333333333,3107129.0833333335,,,41370.0
2007.0,El Paso,6.5,275781.5833333333,16922.583333333332,5.791666666666667,292704.1666666667,,,24796.0
2007.0,Houston,6.5,2589644.5833333335,113610.33333333333,4.2,2703254.9166666665,,,43675.0
2007.0,Killeen,6.5,144970.83333333334,6990.416666666667,4.6000000000000005,151961.25,,,34431.0
2007.0,Laredo,6.5,85148.16666666667,4158.25,4.658333333333334,89306.41666666667,,,23162.0
2007.0,Longview,6.5,100900.16666666667,4053.6666666666665,3.8666666666666667,104953.83333333333,,,34200.0
2007.0,Lubbock,6.5,136533.75,5076.333333333333,3.5750000000000006,141610.08333333334,,,30655.0
2007.0,McAllen,6.5,254136.5,17607.25,6.466666666666666,271743.75,,,19477.0
2007.0,Midland,6.5,71339.91666666667,2092.1666666666665,2.85,73432.08333333333,,,61714.0
2007.0,Odessa,6.5,64390.666666666664,2219.3333333333335,3.3249999999999997,66610.0,,,32273.0
2007.0,San Angelo,6.5,50722.083333333336,1912.3333333333333,3.6333333333333333,52634.416666666664,,,33467.0
2007.0,San Antonio,6.5,885499.0,37114.416666666664,4.016666666666667,922613.4166666666,,,34545.0
2007.0,Sherman,6.5,52725.75,2516.25,4.558333333333333,55242.0,,,30901.0
2007.0,Texarkana,6.5,66070.0,3162.5833333333335,4.566666666666666,69232.58333333333,,,29826.0
2007.0,Tyler,6.5,92731.25,4015.5,4.141666666666667,96746.75,,,36694.0
2007.0,Victoria,6.5,46225.75,1648.6666666666667,3.4416666666666664,47874.416666666664,,,35417.0
2007.0,Waco,6.5,112111.83333333333,4971.0,4.241666666666666,117082.83333333333,,,29145.0
2007.0,Wichita Falls,6.5,70114.33333333333,2947.0833333333335,4.016666666666667,73061.41666666667,,,34555.0
2008.0,Abilene,6.5,78881.33333333333,3106.8333333333335,3.7916666666666665,81988.16666666667,,,35006.0
2008.0,Amarillo,6.5,125013.0,4556.5,3.516666666666666,129569.5,,,36396.0
2008.0,Austin,6.5,827324.5,37343.333333333336,4.325,864667.8333333334,,,41609.0
2008.0,Beaumont,6.5,174930.25,11874.166666666666,6.358333333333334,186804.41666666666,,,33679.0
2008.0,Brownsville,6.5,136199.5,9637.333333333334,6.591666666666668,145836.83333333334,,,21766.0
2008.0,College Station,6.5,102356.41666666667,4232.583333333333,3.983333333333333,106589.0,,,29304.0
2008.0,Corpus Christi,6.5,194334.66666666666,9365.416666666666,4.583333333333333,203700.08333333334,,,35867.0
2008.0,Dallas,6.5,2992587.9166666665,154024.58333333334,4.883333333333334,3146612.5,,,43649.0
2008.0,El Paso,6.5,281007.9166666667,18247.916666666668,6.1000000000000005,299255.8333333333,,,25833.0
2008.0,Houston,6.5,2638502.4166666665,130527.25,4.708333333333333,2769029.6666666665,,,47752.0
2008.0,Killeen,6.5,148297.08333333334,7813.916666666667,5.0,156111.0,,,36835.0
2008.0,Laredo,6.5,87449.16666666667,4917.166666666667,5.316666666666667,92366.33333333333,,,25861.0
2008.0,Longview,6.5,103414.25,4394.25,4.066666666666666,107808.5,,,39586.0
2008.0,Lubbock,6.5,138273.66666666666,5370.75,3.7416666666666667,143644.41666666666,,,32506.0
2008.0,McAllen,6.5,262005.33333333334,20119.666666666668,7.133333333333334,282125.0,,,20616.0
2008.0,Midland,6.5,75197.66666666667,2224.3333333333335,2.8666666666666667,77422.0,,,87266.0
2008.0,Odessa,6.5,68207.91666666667,2396.6666666666665,3.391666666666666,70604.58333333333,,,36562.0
2008.0,San Angelo,6.5,50405.583333333336,2146.25,4.075,52551.833333333336,,,38184.0
2008.0,San Antonio,6.5,900849.6666666666,43272.916666666664,4.583333333333333,944122.5833333334,,,36472.0
2008.0,Sherman,6.5,52677.25,2845.0,5.125000000000001,55522.25,,,33007.0
2008.0,Texarkana,6.5,67223.58333333333,3235.3333333333335,4.591666666666667,70458.91666666667,,,31217.0
2008.0,Tyler,6.5,93857.41666666667,4671.583333333333,4.725,98529.0,,,43001.0
2008.0,Victoria,6.5,46824.333333333336,1837.9166666666667,3.7750000000000004,48662.25,,,38142.0
2008.0,Waco,6.5,112089.75,5355.083333333333,4.558333333333333,117444.83333333333,,,30284.0
2008.0,Wichita Falls,6.5,68876.83333333333,3380.6666666666665,4.675,72257.5,,,40212.0
2009.0,Abilene,6.5,77873.58333333333,4806.333333333333,5.808333333333333,82679.91666666667,,,32984.0
2009.0,Amarillo,6.5,125099.0,6937.916666666667,5.258333333333334,132036.91666666666,,,34737.0
2009.0,Austin,6.5,825282.75,61164.083333333336,6.900000000000001,886446.8333333334,,,39015.0
2009.0,Beaumont,6.5,171848.58333333334,18070.0,9.508333333333335,189918.58333333334,,,33130.0
2009.0,Brownsville,6.5,136708.91666666666,14724.5,9.725,151433.41666666666,,,22173.0
2009.0,College Station,6.5,105587.66666666667,6411.25,5.708333333333333,111998.91666666667,,,28717.0
2009.0,Corpus Christi,6.5,193232.66666666666,14594.416666666666,7.008333333333334,207827.08333333334,,,33682.0
2009.0,Dallas,6.5,2938871.1666666665,248177.0,7.783333333333334,3187048.1666666665,,,39610.0
2009.0,El Paso,6.5,282003.1666666667,27291.25,8.808333333333332,309294.4166666667,,,26461.0
2009.0,Houston,6.5,2617547.1666666665,214434.0,7.5583333333333345,2831981.1666666665,,,43502.0
2009.0,Killeen,6.5,150573.91666666666,11045.5,6.816666666666667,161619.41666666666,,,37536.0
2009.0,Laredo,6.5,86121.91666666667,8063.416666666667,8.533333333333333,94185.33333333333,,,24221.0
2009.0,Longview,6.5,100941.0,7975.583333333333,7.3166666666666655,108916.58333333333,,,36254.0
2009.0,Lubbock,6.5,139417.25,8059.916666666667,5.458333333333332,147477.16666666666,,,32110.0
2009.0,McAllen,6.5,265540.5,31145.25,10.475,296685.75,,,21171.0
2009.0,Midland,6.5,72906.0,4264.833333333333,5.5249999999999995,77170.83333333333,,,59395.0
2009.0,Odessa,6.5,65665.58333333333,5788.166666666667,8.108333333333333,71453.75,,,32985.0
2009.0,San Angelo,6.5,50329.25,3377.1666666666665,6.283333333333332,53706.416666666664,,,35272.0
2009.0,San Antonio,6.5,901690.1666666666,64494.083333333336,6.683333333333334,966184.25,,,34588.0
2009.0,Sherman,6.5,52270.916666666664,4551.166666666667,7.999999999999999,56822.083333333336,,,31709.0
2009.0,Texarkana,6.5,66444.58333333333,4492.666666666667,6.324999999999999,70937.25,,,30933.0
2009.0,Tyler,6.5,92811.58333333333,7574.5,7.541666666666667,100386.08333333333,,,38296.0
2009.0,Victoria,6.5,45406.083333333336,3365.6666666666665,6.916666666666667,48771.75,,,34306.0
2009.0,Waco,6.5,112207.5,8231.583333333334,6.833333333333333,120439.08333333333,,,30144.0
2009.0,Wichita Falls,6.5,67139.16666666667,5329.5,7.349999999999999,72468.66666666667,,,35739.0
2010.0,Abilene,7.214285714285714,71121.75,5326.75,6.958333333333332,76448.5,994.0,125600.0,34093.0
2010.0,Alice,11.5,,,,,,,
2010.0,Amarillo,7.214285714285714,122283.83333333333,7352.5,5.675000000000001,129636.33333333333,1109.0,139900.0,37003.0
2010.0,Andrews,11.5,,,,,1090.0,,
2010.0,Austin,7.214285714285714,865594.0833333334,65048.25,6.991666666666667,930642.3333333334,1312.0,208002.5,40078.0
2010.0,Beaumont,7.214285714285714,162812.5,20656.75,11.258333333333333,183469.25,1133.5,135875.0,34387.0
2010.0,Big Spring,11.5,,,,,985.0,,
2010.0,Brenham,11.5,,,,,1239.0,181225.0,
2010.0,Brownsville,7.214285714285714,144172.25,18127.916666666668,11.174999999999999,162300.16666666666,938.0,179950.0,23152.0
2010.0,Brownwood,11.5,,,,,952.0,,
2010.0,College Station,7.214285714285714,107839.75,7592.916666666667,6.574999999999999,115432.66666666667,,169900.0,29734.0
2010.0,Corpus Christi,7.214285714285714,185348.58333333334,17240.916666666668,8.499999999999998,202589.5,1159.5,158300.0,35586.0
2010.0,Corsicana,11.5,,,,,1152.0,,
2010.0,Dallas,7.214285714285714,3034310.9166666665,266387.5833333333,8.075000000000001,3300698.5,1297.0,162450.0,40613.0
2010.0,Del Rio,11.5,,,,,1019.5,147200.0,
2010.0,Dumas,11.5,,,,,946.0,,
2010.0,Eagle Pass,11.5,,,,,894.5,,
2010.0,El Campo,11.5,,,,,1109.5,,
2010.0,El Paso,7.214285714285714,310943.0,31300.916666666668,9.133333333333333,342243.9166666667,1087.5,141000.0,28074.0
2010.0,Fredericksburg,11.5,,,,,,,
2010.0,Gainesville,11.5,,,,,1177.0,,
2010.0,Houston,7.214285714285714,2724919.0833333335,245356.25,8.258333333333333,2970275.3333333335,1365.0,169445.0,44498.0
2010.0,Huntsville,11.5,,,,,1195.5,139700.0,
2010.0,Jacksonville,11.5,,,,,1196.5,,
2010.0,Kerrville,11.5,,,,,1259.5,,
2010.0,Killeen,7.214285714285714,153523.16666666666,12690.083333333334,7.625000000000001,166213.25,1100.5,134950.0,37048.0
2010.0,Kingsville,11.5,,,,,1010.5,,
2010.0,Laredo,7.214285714285714,96382.91666666667,8652.666666666666,8.241666666666665,105035.58333333333,974.5,,25497.0
2010.0,Longview,7.214285714285714,94336.41666666667,8260.75,8.049999999999999,102597.16666666667,1207.5,164500.0,36678.0
2010.0,Lubbock,7.214285714285714,140064.58333333334,9388.166666666666,6.283333333333334,149452.75,1098.5,129450.0,33125.0
2010.0,Marshall,11.5,,,,,1146.5,163100.0,
2010.0,McAllen,7.214285714285714,280964.5833333333,37367.166666666664,11.733333333333334,318331.75,1006.5,,21718.0
2010.0,Midland,6.5,69222.91666666667,4311.083333333333,5.866666666666666,73534.0,,,70557.0
2010.0,Odessa,6.5,62527.333333333336,5671.166666666667,8.308333333333332,68198.5,,,35047.0
2010.0,Palestine,11.5,,,,,1079.0,123125.0,
2010.0,Pampa,11.5,,,,,956.0,,
2010.0,Pecos,11.5,,,,,965.5,,
2010.0,Plainview,11.5,,,,,909.5,,
2010.0,San Angelo,7.214285714285714,49972.166666666664,3488.75,6.524999999999999,53460.916666666664,1041.5,129450.0,36515.0
2010.0,San Antonio,7.214285714285714,943896.4166666666,73552.08333333333,7.241666666666668,1017448.5,1155.0,160400.0,35661.0
2010.0,Sherman,7.214285714285714,54618.583333333336,4865.666666666667,8.183333333333332,59484.25,1108.0,,32016.0
2010.0,Snyder,11.5,,,,,908.0,,
2010.0,Stephenville,11.5,,,,,1234.0,167450.0,
2010.0,Sulphur Springs,11.5,,,,,1273.5,124350.0,
2010.0,Sweetwater,11.5,,,,,963.0,,
2010.0,Texarkana,7.214285714285714,63743.833333333336,5241.916666666667,7.591666666666668,68985.75,1072.5,119725.0,31845.0
2010.0,Tyler,7.214285714285714,93137.33333333333,8025.25,7.933333333333334,101162.58333333333,1210.0,179750.0,41224.0
2010.0,Vernon,11.5,,,,,1006.0,,
2010.0,Victoria,6.5,42890.166666666664,3549.3333333333335,7.633333333333333,46439.5,,,36327.0
2010.0,Waco,7.214285714285714,111238.91666666667,8922.25,7.433333333333333,120161.16666666667,1146.0,133800.0,31076.0
2010.0,Wichita Falls,7.214285714285714,64099.333333333336,5333.25,7.675,69432.58333333333,959.0,106250.0,36973.0
2011.0,Abilene,6.5,71638.0,5184.083333333333,6.75,76822.08333333333,973.4166666666666,126737.5,36013.0
2011.0,Alice,6.5,,,,,,,
2011.0,Amarillo,6.5,125145.83333333333,7125.166666666667,5.391666666666666,132271.0,1121.6666666666667,141591.66666666666,38975.0
2011.0,Andrews,6.5,,,,,1104.0,,
2011.0,Austin,6.5,897547.5833333334,63342.583333333336,6.583333333333333,960890.1666666666,1359.5,197095.75,42948.0
2011.0,Beaumont,6.5,166011.75,20923.416666666668,11.183333333333332,186935.16666666666,1109.75,131824.79166666666,35827.0
2011.0,Big Spring,6.5,,,,,990.8333333333334,,
2011.0,Brenham,6.5,,,,,1247.25,198129.08333333334,
2011.0,Brownsville,6.5,146792.83333333334,19036.916666666668,11.483333333333334,165829.75,927.4166666666666,173590.75,23918.0
2011.0,Brownwood,6.5,,,,,971.25,122912.5,
2011.0,College Station,6.5,107752.75,7274.916666666667,6.316666666666666,115027.66666666667,,160787.5,30840.0
2011.0,Corpus Christi,6.5,187491.91666666666,16844.583333333332,8.258333333333335,204336.5,1114.5833333333333,160591.45833333334,38129.0
2011.0,Corsicana,6.5,,,,,1107.0,141475.0,
2011.0,Dallas,6.5,3118899.0,255294.33333333334,7.566666666666667,3374193.3333333335,1308.3333333333333,163507.5,44378.0
2011.0,Del Rio,6.5,,,,,1000.9166666666666,144833.33333333334,
2011.0,Dumas,6.5,,,,,965.8333333333334,,
2011.0,Eagle Pass,6.5,,,,,903.8333333333334,,
2011.0,El Campo,6.5,,,,,1096.3333333333333,,
2011.0,El Paso,6.5,315162.0,32926.333333333336,9.458333333333334,348088.3333333333,1059.5833333333333,145720.375,29329.0
2011.0,Fredericksburg,6.5,,,,,,,
2011.0,Gainesville,6.5,,,,,1178.6666666666667,,
2011.0,Houston,6.5,2803589.9166666665,237462.58333333334,7.816666666666666,3041052.5,1361.1666666666667,164537.83333333334,47498.0
2011.0,Huntsville,6.5,,,,,1191.9166666666667,136308.33333333334,
2011.0,Jacksonville,6.5,,,,,1194.1666666666667,,
2011.0,Kerrville,6.5,,,,,1256.5833333333333,228611.11111111112,
2011.0,Killeen,6.5,154876.25,13368.25,7.925,168244.5,1006.8333333333334,136203.20833333334,38699.0
2011.0,Kingsville,6.5,,,,,987.0,,
2011.0,Laredo,6.5,99857.25,8012.583333333333,7.425,107869.83333333333,992.1666666666666,,27337.0
2011.0,Longview,6.5,96430.58333333333,7552.0,7.266666666666666,103982.58333333333,1215.5833333333333,163591.58333333334,40376.0
2011.0,Lubbock,6.5,142544.5,9209.166666666666,6.0583333333333345,151753.66666666666,1060.6666666666667,126906.25,34228.0
2011.0,Marshall,6.5,,,,,1139.75,167741.66666666666,
2011.0,McAllen,6.5,288468.1666666667,37863.916666666664,11.608333333333334,326332.0833333333,947.0,,22395.0
2011.0,Midland,6.5,75242.66666666667,3776.6666666666665,4.791666666666667,79019.33333333333,,,94880.0
2011.0,Odessa,6.5,68351.16666666667,4453.833333333333,6.133333333333334,72805.0,,,40149.0
2011.0,Palestine,6.5,,,,,1058.3333333333333,122775.0,
2011.0,Pampa,6.5,,,,,996.4166666666666,,
2011.0,Pecos,6.5,,,,,968.1666666666666,,
2011.0,Plainview,6.5,,,,,923.6666666666666,92478.57142857143,
2011.0,San Angelo,6.5,50754.25,3378.4166666666665,6.25,54132.666666666664,1046.5,137300.0,38592.0
2011.0,San Antonio,6.5,964936.75,74028.16666666667,7.124999999999999,1038964.9166666666,1137.4166666666667,162033.125,38207.0
2011.0,Sherman,6.5,55430.416666666664,4737.666666666667,7.875,60168.083333333336,1100.4166666666667,,33755.0
2011.0,Snyder,6.5,,,,,916.4166666666666,,
2011.0,Stephenville,6.5,,,,,1226.4166666666667,163400.0,
2011.0,Sulphur Springs,6.5,,,,,1274.5833333333333,133308.33333333334,
2011.0,Sweetwater,6.5,,,,,988.75,,
2011.0,Texarkana,6.5,63980.0,5302.333333333333,7.658333333333334,69282.33333333333,1036.4166666666667,126912.66666666667,33181.0
2011.0,Tyler,6.5,94160.16666666667,7940.416666666667,7.7749999999999995,102100.58333333333,1241.0,184895.83333333334,45908.0
2011.0,Vernon,6.5,,,,,1032.1666666666667,,
2011.0,Victoria,6.5,43944.0,3167.6666666666665,6.733333333333333,47111.666666666664,,,39138.0
2011.0,Waco,6.5,111531.58333333333,9011.5,7.491666666666667,120543.08333333333,1124.25,135391.66666666666,32229.0
2011.0,Wichita Falls,6.5,64350.083333333336,4697.25,6.816666666666666,69047.33333333333,913.75,108137.41666666667,41297.0
2012.0,Abilene,6.5,71963.41666666667,4441.666666666667,5.808333333333333,76405.08333333333,958.1666666666666,123870.83333333333,37769.0
2012.0,Alice,6.5,,,,,938.5555555555555,,
2012.0,Amarillo,6.5,125507.08333333333,6373.916666666667,4.833333333333334,131881.0,1130.9166666666667,138750.0,40179.0
2012.0,Andrews,6.5,,,,,1106.3333333333333,,
2012.0,Austin,6.5,932521.8333333334,56134.583333333336,5.675,988656.4166666666,1411.0833333333333,199326.58333333334,45943.0
2012.0,Beaumont,6.5,164915.66666666666,19454.583333333332,10.541666666666666,184370.25,978.5833333333334,123012.45833333333,37811.0
2012.0,Big Spring,6.5,,,,,980.1666666666666,114081.25,
2012.0,Brenham,6.5,,,,,1273.25,198441.66666666666,
2012.0,Brownsville,6.5,149276.41666666666,17167.25,10.316666666666665,166443.66666666666,877.75,167675.0,24442.0
2012.0,Brownwood,6.5,,,,,927.5833333333334,105379.16666666667,
2012.0,College Station,6.5,108646.91666666667,6345.083333333333,5.516666666666667,114992.0,1279.5555555555557,161253.83333333334,32505.0
2012.0,Corpus Christi,6.5,193630.41666666666,13997.166666666666,6.7250000000000005,207627.58333333334,1168.0833333333333,160787.5,39378.0
2012.0,Corsicana,6.5,,,,,1064.6666666666667,135683.33333333334,
2012.0,Dallas,6.5,3198143.1666666665,225414.66666666666,6.566666666666666,3423557.8333333335,1326.6666666666667,163038.54166666666,46281.0
2012.0,Del Rio,6.5,,,,,1011.6666666666666,131985.41666666666,
2012.0,Dumas,6.5,,,,,991.25,,
2012.0,Eagle Pass,6.5,,,,,918.5,,
2012.0,El Campo,6.5,,,,,1075.4166666666667,,
2012.0,El Paso,6.5,319349.0,29800.333333333332,8.525,349149.3333333333,1074.3333333333333,147125.08333333334,30281.0
2012.0,Fredericksburg,6.5,,,,,1528.3333333333333,,
2012.0,Gainesville,6.5,,,,,1165.0,,
2012.0,Houston,6.5,2909876.25,205711.16666666666,6.633333333333333,3115587.4166666665,1365.0,165983.625,51633.0
2012.0,Huntsville,6.5,,,,,1044.1666666666667,130133.33333333333,
2012.0,Jacksonville,6.5,,,,,1185.25,166164.2857142857,
2012.0,Kerrville,6.5,,,,,1249.1666666666667,218087.5,
2012.0,Killeen,6.5,156331.91666666666,12463.75,7.391666666666666,168795.66666666666,999.75,140532.5,38556.0
2012.0,Kingsville,6.5,,,,,965.5833333333334,,
2012.0,Laredo,6.5,102186.41666666667,7081.5,6.475000000000001,109267.91666666667,1038.9166666666667,155450.0,28131.0
2012.0,Longview,6.5,98441.41666666667,6639.333333333333,6.3,105080.75,1140.6666666666667,157197.91666666666,40886.0
2012.0,Lubbock,6.5,143568.75,8187.166666666667,5.408333333333334,151755.91666666666,1097.6666666666667,121947.875,35834.0
2012.0,Marshall,6.5,,,,,1149.25,162916.66666666666,
2012.0,McAllen,6.5,293510.5833333333,34851.333333333336,10.625000000000002,328361.9166666667,942.0833333333334,,22731.0
2012.0,Midland,6.5,81420.08333333333,3303.4166666666665,3.908333333333333,84723.5,,,107887.0
2012.0,Odessa,6.5,73601.75,3541.75,4.591666666666666,77143.5,,,45883.0
2012.0,Palestine,6.5,,,,,1059.9166666666667,115708.33333333333,
2012.0,Pampa,6.5,,,,,999.0833333333334,,
2012.0,Pecos,6.5,,,,,965.5833333333334,,
2012.0,Plainview,6.5,,,,,941.75,84760.41666666667,
2012.0,San Angelo,6.5,51790.333333333336,2911.1666666666665,5.325,54701.5,1059.25,139183.33333333334,40152.0
2012.0,San Antonio,6.5,988435.5,66030.83333333333,6.266666666666667,1054466.3333333333,1159.4166666666667,162950.20833333334,39146.0
2012.0,Sherman,6.5,55970.833333333336,4115.833333333333,6.858333333333333,60086.666666666664,989.3333333333334,,35430.0
2012.0,Snyder,6.5,,,,,915.5833333333334,,
2012.0,Stephenville,6.5,,,,,1169.5833333333333,164709.125,
2012.0,Sulphur Springs,6.5,,,,,1231.6666666666667,136436.33333333334,
2012.0,Sweetwater,6.5,,,,,976.1666666666666,,
2012.0,Texarkana,6.5,63086.416666666664,4736.75,6.991666666666667,67823.16666666667,987.25,128678.91666666667,33853.0
2012.0,Tyler,6.5,94730.75,7169.666666666667,7.033333333333334,101900.41666666667,1189.1666666666667,174241.66666666666,47107.0
2012.0,Vernon,6.5,,,,,1001.25,,
2012.0,Victoria,6.5,46038.333333333336,2716.0,5.591666666666666,48754.333333333336,,,42497.0
2012.0,Waco,6.5,111438.16666666667,7976.916666666667,6.658333333333334,119415.08333333333,1033.9166666666667,129677.375,33473.0
2012.0,Wichita Falls,6.5,64113.916666666664,4099.0,6.008333333333333,68212.91666666667,886.4166666666666,108900.0,42168.0
2013.0,Abilene,6.5,72512.33333333333,4110.416666666667,5.375,76622.75,971.0833333333334,126687.5,38831.0
2013.0,Alice,6.5,,,,,973.25,,
2013.0,Amarillo,6.5,125607.41666666667,6027.083333333333,4.566666666666666,131634.5,1107.1666666666667,148020.75,40321.0
2013.0,Andrews,6.5,,,,,1088.1666666666667,,
2013.0,Austin,6.5,969783.8333333334,52535.0,5.125,1022318.8333333334,1482.1666666666667,246825.08333333334,46241.0
2013.0,Beaumont,6.5,161983.5,18577.166666666668,10.275,180560.66666666666,1000.75,130541.66666666667,36847.0
2013.0,Big Spring,6.5,,,,,1013.0,130695.83333333333,
2013.0,Brenham,6.5,,,,,1320.75,211159.16666666666,
2013.0,Brownsville,6.5,150952.08333333334,16558.166666666668,9.875000000000002,167510.25,854.6666666666666,176108.33333333334,24774.0
2013.0,Brownwood,6.5,,,,,916.5833333333334,119445.83333333333,
2013.0,College Station,6.5,112076.25,5988.25,5.075,118064.5,1335.75,167041.66666666666,33144.0
2013.0,Corpus Christi,6.5,196486.41666666666,13059.083333333334,6.233333333333333,209545.5,1318.5,177210.625,39790.0
2013.0,Corsicana,6.5,,,,,962.4166666666666,146354.16666666666,
2013.0,Dallas,6.5,3275413.3333333335,210591.08333333334,6.041666666666665,3486004.4166666665,1375.5833333333333,200935.0,46615.0
2013.0,Del Rio,6.5,,,,,1059.25,150933.33333333334,
2013.0,Dumas,6.5,,,,,1006.4166666666666,,
2013.0,Eagle Pass,6.5,,,,,948.8333333333334,,
2013.0,El Campo,6.5,,,,,1141.0,,
2013.0,El Paso,6.5,322059.0,27401.0,7.849999999999999,349460.0,1007.5833333333334,149750.83333333334,29701.0
2013.0,Fredericksburg,6.5,,,,,1579.6666666666667,,
2013.0,Gainesville,6.5,,,,,1187.5833333333333,219665.0,
2013.0,Houston,6.5,3000651.3333333335,190496.16666666666,5.966666666666666,3191147.5,1412.0833333333333,203184.75,50910.0
2013.0,Huntsville,6.5,,,,,1167.0,140350.0,
2013.0,Jacksonville,6.5,,,,,1132.9166666666667,137341.66666666666,
2013.0,Kerrville,6.5,,,,,1244.75,228154.58333333334,
2013.0,Killeen,6.5,158353.91666666666,11739.75,6.908333333333332,170093.66666666666,1036.5833333333333,147401.83333333334,37862.0
2013.0,Kingsville,6.5,,,,,1009.0,,
2013.0,Laredo,6.5,103929.83333333333,6722.666666666667,6.066666666666666,110652.5,1087.0,152057.5,28068.0
2013.0,Longview,6.5,98343.66666666667,6317.333333333333,6.033333333333334,104661.0,993.1666666666666,158450.0,40763.0
2013.0,Lubbock,6.5,145945.08333333334,7546.25,4.908333333333334,153491.33333333334,1139.1666666666667,141291.66666666666,36474.0
2013.0,Marshall,6.5,,,,,1178.5,170154.16666666666,
2013.0,McAllen,6.5,297970.9166666667,34066.333333333336,10.249999999999998,332037.25,1022.5833333333334,,22986.0
2013.0,Midland,6.5,85630.66666666667,3231.9166666666665,3.625,88862.58333333333,,,111464.0
2013.0,Odessa,6.5,75577.41666666667,3387.3333333333335,4.275,78964.75,,,45650.0
2013.0,Palestine,6.5,,,,,1105.1666666666667,124370.83333333333,
2013.0,Pampa,6.5,,,,,1025.5,,
2013.0,Pecos,6.5,,,,,985.6666666666666,,
2013.0,Plainview,6.5,,,,,963.3333333333334,103160.41666666667,
2013.0,San Angelo,6.5,52445.916666666664,2814.75,5.091666666666667,55260.666666666664,1141.8333333333333,174268.75,40779.0
2013.0,San Antonio,6.5,1013858.0,61738.666666666664,5.733333333333333,1075596.6666666667,1191.75,197335.08333333334,39915.0
2013.0,Sherman,6.5,56926.0,3764.9166666666665,6.216666666666666,60690.916666666664,1025.1666666666667,,35988.0
2013.0,Snyder,6.5,,,,,936.75,,
2013.0,Stephenville,6.5,,,,,1172.25,177933.33333333334,
2013.0,Sulphur Springs,6.5,,,,,1275.25,139977.08333333334,
2013.0,Sweetwater,6.5,,,,,1006.9166666666666,,
2013.0,Texarkana,6.5,60889.416666666664,4758.75,7.241666666666666,65648.16666666667,839.5,130208.33333333333,32741.0
2013.0,Tyler,6.5,95324.83333333333,6610.166666666667,6.491666666666667,101935.0,1122.6666666666667,173339.875,48098.0
2013.0,Vernon,6.5,,,,,1048.4166666666667,,
2013.0,Victoria,6.5,46905.75,2607.75,5.258333333333334,49513.5,,,44137.0
2013.0,Waco,6.5,111962.33333333333,7365.5,6.166666666666667,119327.83333333333,1031.0833333333333,138949.04166666666,33921.0
2013.0,Wichita Falls,6.5,63056.083333333336,3839.5,5.733333333333333,66895.58333333333,918.8333333333334,109758.33333333333,42296.0
2014.0,Abilene,6.5,72768.75,3293.75,4.341666666666667,76062.5,1004.8333333333334,136704.16666666666,41330.0
2014.0,Alice,6.5,,,,,1026.25,,
2014.0,Amarillo,6.5,125970.41666666667,4798.833333333333,3.6666666666666665,130769.25,1185.3333333333333,160215.75,42264.0
2014.0,Andrews,6.5,,,,,1110.6666666666667,,
2014.0,Austin,6.5,1003511.5,44104.333333333336,4.216666666666666,1047615.8333333334,1592.1666666666667,289297.9583333333,49001.0
2014.0,Beaumont,6.5,164751.66666666666,14191.5,7.933333333333334,178943.16666666666,1047.9166666666667,135075.0,39827.0
2014.0,Big Spring,6.5,,,,,1020.5833333333334,141012.45833333334,
2014.0,Brenham,6.5,,,,,1323.75,225560.16666666666,
2014.0,Brownsville,6.5,152511.83333333334,13855.416666666666,8.316666666666666,166367.25,877.5833333333334,171860.58333333334,25615.0
2014.0,Brownwood,6.5,,,,,921.9166666666666,130432.5,
2014.0,College Station,6.5,114241.75,4906.0,4.108333333333333,119147.75,1377.75,182350.0,34856.0
2014.0,Corpus Christi,6.5,198032.33333333334,11064.5,5.283333333333334,209096.83333333334,1380.5833333333333,197850.75,41617.0
2014.0,Corsicana,6.5,,,,,1010.1666666666666,147687.08333333334,
2014.0,Dallas,6.5,3357294.0,177405.16666666666,5.0249999999999995,3534699.1666666665,1424.4166666666667,223374.41666666666,49362.0
2014.0,Del Rio,6.5,,,,,1068.25,157800.0,
2014.0,Dumas,6.5,,,,,1020.0833333333334,,
2014.0,Eagle Pass,6.5,,,,,1034.1666666666667,155037.5,
2014.0,El Campo,6.5,,,,,1177.9166666666667,,
2014.0,El Paso,6.5,323608.3333333333,22255.333333333332,6.441666666666666,345863.6666666667,1024.3333333333333,154466.58333333334,31081.0
2014.0,Fredericksburg,6.5,,,,,1580.0833333333333,,
2014.0,Gainesville,6.5,,,,,1200.0,237498.70833333334,
2014.0,Houston,6.5,3078909.8333333335,160193.25,4.941666666666667,3239103.0833333335,1473.6666666666667,241755.16666666666,53660.0
2014.0,Huntsville,6.5,,,,,1139.75,159469.58333333334,
2014.0,Jacksonville,6.5,,,,,1116.4166666666667,162768.5,
2014.0,Kerrville,6.5,,,,,1294.0833333333333,241043.75,
2014.0,Killeen,6.5,158757.58333333334,9829.083333333334,5.816666666666666,168586.66666666666,1018.1666666666666,153366.16666666666,38786.0
2014.0,Kingsville,6.5,,,,,1039.5,,
2014.0,Laredo,6.5,105518.33333333333,5645.083333333333,5.066666666666667,111163.41666666667,1108.0833333333333,154341.66666666666,28655.0
2014.0,Longview,6.5,98809.83333333333,5103.083333333333,4.916666666666667,103912.91666666667,1202.1666666666667,168287.5,42478.0
2014.0,Lubbock,6.5,147283.75,6078.916666666667,3.9583333333333326,153362.66666666666,1154.3333333333333,134025.0,37283.0
2014.0,Marshall,6.5,,,,,1191.0833333333333,179557.04166666666,
2014.0,McAllen,6.5,302922.9166666667,29093.666666666668,8.741666666666665,332016.5833333333,1011.5833333333334,,23658.0
2014.0,Midland,6.5,90908.41666666667,2701.8333333333335,2.9,93610.25,,,118695.0
2014.0,Odessa,6.5,79523.25,2835.9166666666665,3.4500000000000006,82359.16666666667,,,49768.0
2014.0,Palestine,6.5,,,,,1112.4166666666667,133104.16666666666,
2014.0,Pampa,6.5,,,,,1017.3333333333334,120116.66666666667,
2014.0,Pecos,6.5,,,,,987.75,,
2014.0,Plainview,6.5,,,,,950.4166666666666,105149.95833333333,
2014.0,San Angelo,6.5,53241.833333333336,2239.0833333333335,4.05,55480.916666666664,1099.9166666666667,188368.75,43791.0
2014.0,San Antonio,6.5,1038514.75,50461.666666666664,4.625,1088976.4166666667,1233.75,225932.41666666666,42027.0
2014.0,Sherman,6.5,57431.083333333336,2915.9166666666665,4.833333333333333,60347.0,1068.5833333333333,175437.77777777778,37743.0
2014.0,Snyder,6.5,,,,,951.6666666666666,,
2014.0,Stephenville,6.5,,,,,1218.1666666666667,184718.75,
2014.0,Sulphur Springs,6.5,,,,,1311.0,135886.83333333334,
2014.0,Sweetwater,6.5,,,,,1000.1666666666666,,
2014.0,Texarkana,6.5,60347.75,3984.4166666666665,6.191666666666666,64332.166666666664,837.5833333333334,130689.41666666667,33637.0
2014.0,Tyler,6.5,96897.58333333333,5324.25,5.191666666666666,102221.83333333333,1173.75,187620.83333333334,50325.0
2014.0,Vernon,6.5,,,,,1050.3333333333333,,
2014.0,Victoria,6.5,47761.0,2070.1666666666665,4.1499999999999995,49831.166666666664,,,46957.0
2014.0,Waco,6.5,113359.75,6057.666666666667,5.075,119417.41666666667,1103.0,152933.29166666666,35414.0
2014.0,Wichita Falls,6.5,62608.083333333336,3172.0833333333335,4.816666666666666,65780.16666666667,916.9166666666666,112516.66666666667,42147.0
2015.0,Abilene,6.5,72228.83333333333,2915.8333333333335,3.9,75144.66666666667,1049.25,158131.75,41732.0
2015.0,Alice,6.5,,,,,1130.6666666666667,148744.44444444444,
2015.0,Amarillo,6.5,125945.66666666667,4065.3333333333335,3.1250000000000004,130011.0,1203.8333333333333,170030.58333333334,43648.0
2015.0,Andrews,6.5,,,,,1247.5833333333333,246806.66666666666,
2015.0,Austin,6.5,1033714.4166666666,36047.0,3.358333333333333,1069761.4166666667,1696.0833333333333,322068.3333333333,51014.0
2015.0,Beaumont,6.5,164791.5,11841.75,6.708333333333335,176633.25,1134.1666666666667,139697.58333333334,41872.0
2015.0,Big Spring,6.5,,,,,1145.3333333333333,144779.16666666666,
2015.0,Brenham,6.5,,,,,1399.6666666666667,256817.5,
2015.0,Brownsville,6.5,152595.08333333334,11689.916666666666,7.124999999999999,164285.0,893.1666666666666,177316.66666666666,26826.0
2015.0,Brownwood,6.5,,,,,921.0,136787.5,
2015.0,College Station,6.5,116541.08333333333,4275.166666666667,3.5500000000000003,120816.25,1494.5,227693.95833333334,35797.0
2015.0,Corpus Christi,6.5,197047.75,10735.666666666666,5.175,207783.41666666666,1415.25,208872.41666666666,42721.0
2015.0,Corsicana,6.5,,,,,1048.5833333333333,158906.33333333334,
2015.0,Dallas,6.5,3438455.0833333335,145673.25,4.058333333333333,3584128.3333333335,1499.9166666666667,260048.33333333334,51099.0
2015.0,Del Rio,6.5,,,,,1140.3333333333333,175887.5,
2015.0,Dumas,6.5,,,,,1065.0833333333333,,
2015.0,Eagle Pass,6.5,,,,,1127.3333333333333,152166.66666666666,
2015.0,El Campo,6.5,,,,,1244.6666666666667,,
2015.0,El Paso,6.5,326661.9166666667,18022.833333333332,5.233333333333334,344684.75,1050.5833333333333,155337.29166666666,32598.0
2015.0,Fredericksburg,6.5,,,,,1649.6666666666667,374532.0833333333,
2015.0,Gainesville,6.5,,,,,1239.3333333333333,249572.91666666666,
2015.0,Houston,6.5,3103222.5833333335,149917.75,4.6000000000000005,3253140.3333333335,1570.4166666666667,290468.4583333333,54346.0
2015.0,Huntsville,6.5,,,,,1275.5,183131.25,
2015.0,Jacksonville,6.5,,,,,1138.4166666666667,175025.0,
2015.0,Kerrville,6.5,,,,,1357.0833333333333,265537.5,
2015.0,Killeen,6.5,161637.08333333334,7943.25,4.683333333333334,169580.33333333334,1031.0833333333333,160784.25,40237.0
2015.0,Kingsville,6.5,,,,,1112.6666666666667,,
2015.0,Laredo,6.5,107092.91666666667,5329.416666666667,4.741666666666666,112422.33333333333,1182.5833333333333,187666.66666666666,29778.0
2015.0,Longview,6.5,95889.75,5020.833333333333,4.966666666666667,100910.58333333333,1237.3333333333333,173561.5,42118.0
2015.0,Lubbock,6.5,148413.25,5317.0,3.4583333333333335,153730.25,1184.0833333333333,156979.16666666666,38392.0
2015.0,Marshall,6.5,,,,,1218.0833333333333,180687.5,
2015.0,McAllen,6.5,305352.8333333333,26291.25,7.9416666666666655,331644.0833333333,1017.9166666666666,,24579.0
2015.0,Midland,6.5,87899.83333333333,3148.5,3.4583333333333335,91048.33333333333,,,104714.0
2015.0,Odessa,6.5,76196.91666666667,3688.0833333333335,4.625,79885.0,,,45806.0
2015.0,Palestine,6.5,,,,,1111.0833333333333,140950.0,
2015.0,Pampa,6.5,,,,,1086.8333333333333,124112.5,
2015.0,Pecos,6.5,,,,,1027.5,,
2015.0,Plainview,6.5,,,,,981.3333333333334,117243.33333333333,
2015.0,San Angelo,6.5,53024.0,2277.5833333333335,4.125,55301.583333333336,1210.9166666666667,197468.70833333334,44072.0
2015.0,San Antonio,6.5,1057432.0,42051.166666666664,3.8333333333333326,1099483.1666666667,1298.1666666666667,253447.58333333334,43535.0
2015.0,Sherman,6.5,58064.083333333336,2421.3333333333335,4.0,60485.416666666664,1137.25,179815.875,39181.0
2015.0,Snyder,6.5,,,,,981.9166666666666,143750.0,
2015.0,Stephenville,6.5,,,,,1269.8333333333333,209225.0,
2015.0,Sulphur Springs,6.5,,,,,1346.0,151079.5,
2015.0,Sweetwater,6.5,,,,,1043.0,,
2015.0,Texarkana,6.5,61381.75,3251.8333333333335,5.0249999999999995,64633.583333333336,909.5,139791.66666666666,35026.0
2015.0,Tyler,6.5,98085.33333333333,4647.666666666667,4.516666666666667,102733.0,1242.6666666666667,197191.66666666666,50224.0
2015.0,Vernon,6.5,,,,,1079.9166666666667,,
2015.0,Victoria,6.5,47447.25,2060.8333333333335,4.158333333333333,49508.083333333336,,,47005.0
2015.0,Waco,6.5,114046.5,4896.166666666667,4.116666666666666,118942.66666666667,1090.6666666666667,156966.66666666666,36917.0
2015.0,Wichita Falls,6.5,62035.416666666664,2811.5,4.333333333333333,64846.916666666664,936.0,112645.83333333333,42398.0
2016.0,Abilene,6.5,72864.33333333333,2923.75,3.8666666666666667,75788.08333333333,1049.0833333333333,159875.0,
2016.0,Alice,6.5,,,,,1119.0833333333333,145033.33333333334,
2016.0,Amarillo,6.5,127307.58333333333,4087.0,3.1166666666666667,131394.58333333334,1215.4166666666667,185767.5,
2016.0,Andrews,6.5,,,,,1333.9166666666667,207191.66666666666,
2016.0,Austin,6.5,1067775.4166666667,35210.666666666664,3.1999999999999997,1102986.0833333333,1732.3333333333333,330872.0833333333,
2016.0,Beaumont,6.5,165452.58333333334,11831.5,6.666666666666667,177284.08333333334,1126.9166666666667,147135.41666666666,
2016.0,Big Spring,6.5,,,,,1102.0833333333333,154908.33333333334,
2016.0,Brenham,6.5,,,,,1431.6666666666667,296221.9166666667,
2016.0,Brownsville,6.5,155926.16666666666,11825.166666666666,7.033333333333334,167751.33333333334,926.25,174083.75,
2016.0,Brownwood,6.5,,,,,927.1666666666666,136412.5,
2016.0,College Station,6.5,120523.33333333333,4426.083333333333,3.5416666666666665,124949.41666666667,1529.4166666666667,253448.95833333334,
2016.0,Corpus Christi,6.5,200068.08333333334,12176.416666666666,5.733333333333333,212244.5,1378.75,221991.20833333334,
2016.0,Corsicana,6.5,,,,,1187.9166666666667,170186.66666666666,
2016.0,Dallas,6.5,3556842.9166666665,139537.66666666666,3.783333333333333,3696380.5833333335,1563.3333333333333,287238.2916666667,
2016.0,Del Rio,6.5,,,,,1194.75,171854.16666666666,
2016.0,Dumas,6.5,,,,,1102.0,,
2016.0,Eagle Pass,6.5,,,,,1153.25,153412.5,
2016.0,El Campo,6.5,,,,,1281.1666666666667,,
2016.0,El Paso,6.5,334895.25,17299.583333333332,4.908333333333333,352194.8333333333,1016.0,158108.33333333334,
2016.0,Fredericksburg,6.5,,,,,1766.0,415483.3333333333,
2016.0,Gainesville,6.5,,,,,1295.5,262075.0,
2016.0,Houston,6.5,3119977.75,169704.75,5.166666666666667,3289682.5,1594.25,290501.625,
2016.0,Huntsville,6.5,,,,,1264.3333333333333,185425.0,
2016.0,Jacksonville,6.5,,,,,1184.0,202899.91666666666,
2016.0,Kerrville,6.5,,,,,1400.5833333333333,292816.6666666667,
2016.0,Killeen,6.5,165544.83333333334,7661.75,4.441666666666666,173206.58333333334,1029.25,156611.66666666666,
2016.0,Kingsville,6.5,,,,,1124.1666666666667,152382.77272727274,
2016.0,Laredo,6.5,109612.0,5518.416666666667,4.791666666666667,115130.41666666667,1157.1666666666667,175104.58333333334,
2016.0,Longview,6.5,95699.41666666667,5978.25,5.883333333333334,101677.66666666667,1236.0,173912.5,
2016.0,Lubbock,6.5,151303.5,5327.416666666667,3.391666666666666,156630.91666666666,1185.5,182062.08333333334,
2016.0,Marshall,6.5,,,,,1195.1666666666667,169291.66666666666,
2016.0,McAllen,6.5,312150.1666666667,25896.75,7.666666666666667,338046.9166666667,1032.3333333333333,,
2016.0,Midland,6.5,86329.91666666667,3786.1666666666665,4.208333333333334,90116.08333333333,,,
2016.0,Odessa,6.5,74069.91666666667,4775.75,6.050000000000001,78845.66666666667,,,
2016.0,Palestine,6.5,,,,,1167.0833333333333,145366.66666666666,
2016.0,Pampa,6.5,,,,,1060.0,117333.33333333333,
2016.0,Pecos,6.5,,,,,1017.0833333333334,,
2016.0,Plainview,6.5,,,,,967.6666666666666,112470.83333333333,
2016.0,San Angelo,6.5,53809.0,2444.4166666666665,4.35,56253.416666666664,1221.1666666666667,188850.0,
2016.0,San Antonio,6.5,1080807.25,41797.0,3.725,1122604.25,1322.5833333333333,257274.58333333334,
2016.0,Sherman,6.5,59227.083333333336,2297.9166666666665,3.733333333333334,61525.0,1096.75,219185.875,
2016.0,Snyder,6.5,,,,,987.4166666666666,145470.83333333334,
2016.0,Stephenville,6.5,,,,,1291.1666666666667,208850.0,
2016.0,Sulphur Springs,6.5,,,,,1354.3333333333333,165404.16666666666,
2016.0,Sweetwater,6.5,,,,,1029.5833333333333,102105.55555555556,
2016.0,Texarkana,6.5,62255.083333333336,2956.0833333333335,4.541666666666667,65211.166666666664,927.6666666666666,137873.58333333334,
2016.0,Tyler,6.5,99956.08333333333,4660.166666666667,4.441666666666666,104616.25,1250.0,218266.45833333334,
2016.0,Vernon,6.5,,,,,1076.0,,
2016.0,Victoria,6.5,47928.083333333336,2520.3333333333335,4.991666666666667,50448.416666666664,,,
2016.0,Waco,6.5,116284.08333333333,4829.333333333333,3.983333333333334,121113.41666666667,1155.0,164978.33333333334,
2016.0,Wichita Falls,6.5,61906.916666666664,2817.6666666666665,4.374999999999999,64724.583333333336,917.0,111487.5,
2017.0,Abilene,5.2631578947368425,71511.77777777778,2976.3333333333335,3.988888888888889,74488.11111111111,1047.8,159315.0,
2017.0,Alice,5.5,,,,,1094.0,141915.0,
2017.0,Amarillo,5.2631578947368425,128256.55555555556,4227.888888888889,3.1777777777777776,132484.44444444444,1196.2,189461.45,
2017.0,Andrews,5.5,,,,,1279.6,206890.0,
2017.0,Austin,5.2631578947368425,1095508.4444444445,37598.333333333336,3.322222222222222,1133106.7777777778,1718.9,337965.65,
2017.0,Beaumont,5.2631578947368425,160669.77777777778,13050.888888888889,7.522222222222222,173720.66666666666,1158.6,163752.8,
2017.0,Big Spring,5.5,,,,,1058.6,150275.0,
2017.0,Brenham,5.5,,,,,1425.4,288195.0,
2017.0,Brownsville,5.2631578947368425,155236.11111111112,12481.555555555555,7.444444444444445,167717.66666666666,904.8,176155.0,
2017.0,Brownwood,5.5,,,,,920.7,143419.9,
2017.0,College Station,5.2631578947368425,123703.55555555556,4405.333333333333,3.4333333333333336,128108.88888888889,1501.4,286190.0,
2017.0,Corpus Christi,5.2631578947368425,196026.11111111112,12780.666666666666,6.122222222222223,208806.77777777778,1345.5,222164.95,
2017.0,Corsicana,5.5,,,,,1184.2,157154.95,
2017.0,Dallas,5.2631578947368425,3627234.3333333335,146565.22222222222,3.8777777777777778,3773799.5555555555,1605.6,314402.55,
2017.0,Del Rio,5.5,,,,,1187.5,170190.0,
2017.0,Dumas,5.5,,,,,1049.5,,
2017.0,Eagle Pass,5.5,,,,,1141.5,147995.0,
2017.0,El Campo,5.5,,,,,1282.1,,
2017.0,El Paso,5.2631578947368425,340471.3333333333,17449.333333333332,4.866666666666666,357920.6666666667,993.6,160615.0,
2017.0,Fredericksburg,5.5,,,,,1712.3,464275.0,
2017.0,Gainesville,5.5,,,,,1307.6,283969.5,
2017.0,Houston,5.2631578947368425,3141206.6666666665,175890.88888888888,5.3,3317097.5555555555,1559.0,289846.9,
2017.0,Huntsville,5.5,,,,,1272.0,194610.0,
2017.0,Jacksonville,5.5,,,,,1131.6,218316.25,
2017.0,Kerrville,5.5,,,,,1409.7,319380.0,
2017.0,Killeen,5.2631578947368425,170782.33333333334,7826.0,4.377777777777776,178608.33333333334,1037.9,164918.75,
2017.0,Kingsville,5.5,,,,,1096.1,134710.0,
2017.0,Laredo,5.2631578947368425,109511.11111111111,5166.444444444444,4.5,114677.55555555556,1134.3,180543.3,
2017.0,Longview,5.2631578947368425,92027.33333333333,5506.333333333333,5.655555555555556,97533.66666666667,1190.7,164239.5,
2017.0,Lubbock,5.2631578947368425,154314.55555555556,5482.0,3.433333333333334,159796.55555555556,1170.6,197709.75,
2017.0,Marshall,5.5,,,,,1000.3,184980.0,
2017.0,McAllen,5.2631578947368425,312940.8888888889,27347.444444444445,8.022222222222222,340288.3333333333,1026.1,,
2017.0,Midland,5.0,83788.44444444444,3060.3333333333335,3.5444444444444443,86848.77777777778,,,
2017.0,Odessa,5.0,71123.44444444444,3594.5555555555557,4.811111111111112,74718.0,,,
2017.0,Palestine,5.5,,,,,1137.0,150128.8,
2017.0,Pampa,5.5,,,,,1020.9,107255.0,
2017.0,Pecos,5.5,,,,,967.6,,
2017.0,Plainview,5.5,,,,,893.9,105805.0,
2017.0,San Angelo,5.2631578947368425,51986.444444444445,2205.3333333333335,4.044444444444444,54191.77777777778,1213.5,193605.0,
2017.0,San Antonio,5.2631578947368425,1110657.111111111,43221.22222222222,3.744444444444445,1153878.3333333333,1338.3,269158.45,
2017.0,Sherman,5.2631578947368425,59321.77777777778,2306.5555555555557,3.7333333333333334,61628.333333333336,1133.1,234824.7,
2017.0,Snyder,5.5,,,,,1021.6,139320.0,
2017.0,Stephenville,5.5,,,,,1275.3,221460.0,
2017.0,Sulphur Springs,5.5,,,,,1324.7,173174.85,
2017.0,Sweetwater,5.5,,,,,982.8,119183.35,
2017.0,Texarkana,5.2631578947368425,61924.666666666664,3042.5555555555557,4.677777777777778,64967.22222222222,951.0,151840.0,
2017.0,Tyler,5.2631578947368425,102633.22222222222,4574.666666666667,4.2666666666666675,107207.88888888889,1218.5,232905.0,
2017.0,Vernon,5.5,,,,,1035.1,,
2017.0,Victoria,5.0,44502.22222222222,2411.4444444444443,5.133333333333334,46913.666666666664,,,
2017.0,Waco,5.2631578947368425,117539.44444444444,5130.777777777777,4.166666666666666,122670.22222222222,1173.2,181196.7,
2017.0,Wichita Falls,5.2631578947368425,60768.666666666664,2603.1111111111113,4.0888888888888895,63371.77777777778,893.1,109585.0,
